BMTC2,Blue_Mountain,Tue Aug 21 16:02:00 PDT 2001,1.79,326.00
QURC2,Quincy_Res,Tue Aug 21 16:02:00 PDT 2001,2.10,315.00
DHPC2,Diamond_Hill,Tue Aug 21 16:02:00 PDT 2001,1.39,281.00
EBBC2,Elbert,Tue Aug 21 16:02:00 PDT 2001,2.32,23.00
BHNC2,Brighton,Tue Aug 21 16:02:00 PDT 2001,0.63,11.00
SQWC2,Squaw_Mountain,Tue Aug 21 16:02:00 PDT 2001,1.74,91.00
HGCC2,Hiwan_G.C.,Tue Aug 21 16:02:00 PDT 2001,2.24,332.00
HIGC2,Highlands_Ranch_WTP,Tue Aug 21 16:02:00 PDT 2001,0.00,84.00
SAPC2,Salisbury_Park,Tue Aug 21 16:02:00 PDT 2001,1.03,68.00
COKC2,Castle_Rock,Tue Aug 21 16:02:00 PDT 2001,1.39,349.00
WRDC2,Ward_C-1,Tue Aug 21 16:02:00 PDT 2001,2.41,287.00
SFSC2,Sugarloaf,Tue Aug 21 16:02:00 PDT 2001,4.20,320.00
LEWC2,Louisville_Lake,Tue Aug 21 16:02:00 PDT 2001,1.48,310.00
CALC2,Cal-Wood_Ranch,Tue Aug 21 16:02:00 PDT 2001,0.54,248.00
BTRC2,Button_Rock,Tue Aug 21 16:02:00 PDT 2001,0.00,310.00
QRAA3,RAINBOW,Tue Aug 21 16:00:00 PDT 2001,6.71,180.00
QRCA3,RUCKER,Tue Aug 21 16:01:00 PDT 2001,3.58,250.00
CKSC1,BEN LOMOND,Tue Aug 21 16:01:00 PDT 2001,2.68,70.00
TMPA1,BIG HILL,Tue Aug 21 16:00:00 PDT 2001,2.24,250.00
DBLC1,DIABLO GRANDE,Tue Aug 21 16:00:00 PDT 2001,2.68,70.00
EPKC1,EAGLE PEAK,Tue Aug 21 16:00:00 PDT 2001,1.79,350.00
FHCC1,FISH CREEK MOUNTAIN,Tue Aug 21 16:01:00 PDT 2001,7.60,300.00
LAHC1,LA HONDA,Tue Aug 21 16:01:00 PDT 2001,2.24,200.00
LMOC1,LIVERMORE,Tue Aug 21 16:00:00 PDT 2001,8.94,20.00
LTHC1,LOST HORSE,Tue Aug 21 16:01:00 PDT 2001,4.02,40.00
MTQC1,MOUNTAIN REST - FTS,Tue Aug 21 16:01:00 PDT 2001,2.24,240.00
TSCC1,TEMESCAL #1,Tue Aug 21 16:00:00 PDT 2001,1.34,310.00
TR210,SECOND BOX,Tue Aug 21 16:01:00 PDT 2001,0.45,350.00
BFRI1,BRACE FLAT,Tue Aug 21 16:00:00 PDT 2001,4.47,260.00
F1510,VERNON - FTS,Tue Aug 21 16:01:00 PDT 2001,1.79,140.00
TR269,DERBY MOUNTAIN - FT,Tue Aug 21 16:01:00 PDT 2001,3.13,120.00
TR272,FOUR MILE - FTS,Tue Aug 21 16:00:00 PDT 2001,2.24,200.00
PRDM8,PARDEE,Tue Aug 21 16:00:00 PDT 2001,4.92,340.00
SPBM8,SPOTTED BEAR RS,Tue Aug 21 16:01:00 PDT 2001,1.79,330.00
TR293,SQUAW CREEK - FTS,Tue Aug 21 16:00:00 PDT 2001,2.24,110.00
TR297,TIMBERCREST - FTS,Tue Aug 21 16:01:00 PDT 2001,3.13,280.00
TR304,YELLOW MULE - FTS,Tue Aug 21 16:00:00 PDT 2001,3.58,210.00
TR307,COSMIC - PORTABLE,Tue Aug 21 16:00:00 PDT 2001,0.45,100.00
COPN5,SMOKEY BEAR,Tue Aug 21 16:01:00 PDT 2001,1.34,180.00
CLFO3,CALIMUS,Tue Aug 21 16:00:00 PDT 2001,5.81,280.00
CTFO3,CHEMULT,Tue Aug 21 16:00:00 PDT 2001,3.58,60.00
CQFO3,CHILOQUIN,Tue Aug 21 16:00:00 PDT 2001,3.58,280.00
FAFO3,FLAGSTAFF HILL,Tue Aug 21 16:01:00 PDT 2001,4.47,320.00
OYFO3,HOYT CREEK,Tue Aug 21 16:01:00 PDT 2001,3.58,250.00
SHFO3,SAGE HEN,Tue Aug 21 16:00:00 PDT 2001,4.92,280.00
SDFO3,SELDOM CREEK,Tue Aug 21 16:01:00 PDT 2001,1.79,270.00
BRAU1,BEAR RIVER,Tue Aug 21 16:00:00 PDT 2001,0.00,260.00
HOHU1,HORSE HOLLOW,Tue Aug 21 16:01:00 PDT 2001,4.92,160.00
HURW1,HURRICANE,Tue Aug 21 16:00:00 PDT 2001,8.05,300.00
BMTC2,Blue_Mountain,Tue Aug 21 16:17:00 PDT 2001,1.34,215.00
QURC2,Quincy_Res,Tue Aug 21 16:17:00 PDT 2001,1.52,310.00
DHPC2,Diamond_Hill,Tue Aug 21 16:17:00 PDT 2001,2.86,315.00
EBBC2,Elbert,Tue Aug 21 16:17:00 PDT 2001,2.82,338.00
BHNC2,Brighton,Tue Aug 21 16:17:00 PDT 2001,0.63,11.00
SQWC2,Squaw_Mountain,Tue Aug 21 16:17:00 PDT 2001,2.37,350.00
HGCC2,Hiwan_G.C.,Tue Aug 21 16:17:00 PDT 2001,2.24,322.00
HIGC2,Highlands_Ranch_WTP,Tue Aug 21 16:17:00 PDT 2001,4.34,309.00
SAPC2,Salisbury_Park,Tue Aug 21 16:17:00 PDT 2001,1.03,68.00
COKC2,Castle_Rock,Tue Aug 21 16:17:00 PDT 2001,1.39,349.00
WRDC2,Ward_C-1,Tue Aug 21 16:17:00 PDT 2001,1.79,253.00
SFSC2,Sugarloaf,Tue Aug 21 16:17:00 PDT 2001,1.12,298.00
LEWC2,Louisville_Lake,Tue Aug 21 16:17:00 PDT 2001,2.15,264.00
CALC2,Cal-Wood_Ranch,Tue Aug 21 16:17:00 PDT 2001,0.00,248.00
BTRC2,Button_Rock,Tue Aug 21 16:17:00 PDT 2001,0.00,310.00
NWTC,Rocky Flats Nat Wind Tech Ctr         NREL,Tue Aug 21 16:13:00 PDT 2001,6.26,284.00
NCARM,NCAR Table Mesa                       NCAR,Tue Aug 21 16:11:48 PDT 2001,1.79,241.00
NCARF,NCAR Foothills Lab                    NCAR,Tue Aug 21 16:14:09 PDT 2001,1.39,313.00
SADDL,Niwot Ridge Saddle                    NiwotRidge,Tue Aug 21 16:00:00 PDT 2001,8.53,290.00
D1,Niwot Ridge D1                        NiwotRidge,Tue Aug 21 16:00:00 PDT 2001,9.40,272.00
NWTC,Rocky Flats Nat Wind Tech Ctr         NREL,Tue Aug 21 16:25:00 PDT 2001,4.92,285.00
NCARM,NCAR Table Mesa                       NCAR,Tue Aug 21 16:26:48 PDT 2001,4.78,235.00
BMTC2,Blue_Mountain,Tue Aug 21 16:32:00 PDT 2001,1.34,42.00
QURC2,Quincy_Res,Tue Aug 21 16:32:00 PDT 2001,2.46,332.00
DHPC2,Diamond_Hill,Tue Aug 21 16:32:00 PDT 2001,2.86,315.00
EBBC2,Elbert,Tue Aug 21 16:32:00 PDT 2001,2.82,338.00
BHNC2,Brighton,Tue Aug 21 16:32:00 PDT 2001,1.39,349.00
SQWC2,Squaw_Mountain,Tue Aug 21 16:32:00 PDT 2001,2.37,343.00
HGCC2,Hiwan_G.C.,Tue Aug 21 16:32:00 PDT 2001,0.45,338.00
HIGC2,Highlands_Ranch_WTP,Tue Aug 21 16:32:00 PDT 2001,2.50,309.00
SAPC2,Salisbury_Park,Tue Aug 21 16:32:00 PDT 2001,1.03,349.00
COKC2,Castle_Rock,Tue Aug 21 16:32:00 PDT 2001,1.39,34.00
WRDC2,Ward_C-1,Tue Aug 21 16:32:00 PDT 2001,1.79,253.00
SFSC2,Sugarloaf,Tue Aug 21 16:32:00 PDT 2001,1.12,298.00
LEWC2,Louisville_Lake,Tue Aug 21 16:32:00 PDT 2001,2.68,281.00
CALC2,Cal-Wood_Ranch,Tue Aug 21 16:32:00 PDT 2001,0.00,248.00
BTRC2,Button_Rock,Tue Aug 21 16:32:00 PDT 2001,0.36,298.00
F1264,ALCAN HWY MI-1244,Tue Aug 21 16:30:00 PDT 2001,1.34,260.00
F1267,BEAVER (WBQ),Tue Aug 21 16:20:00 PDT 2001,2.68,60.00
F1268,BEN CREEK,Tue Aug 21 16:25:00 PDT 2001,1.79,300.00
F1269,BENTALIT,Tue Aug 21 16:21:00 PDT 2001,1.79,220.00
F1272,BIRCH CREEK,Tue Aug 21 16:05:00 PDT 2001,2.68,10.00
F1681,BLACK CAPE,Tue Aug 21 16:18:00 PDT 2001,2.24,250.00
F1273,BOOTH LAKE,Tue Aug 21 16:24:00 PDT 2001,11.62,320.00
F1682,CAPE KIAVAK,Tue Aug 21 16:26:00 PDT 2001,7.15,260.00
F1278,CHICKEN,Tue Aug 21 16:07:00 PDT 2001,2.68,350.00
F1686,CHIEF COVE,Tue Aug 21 16:19:00 PDT 2001,6.26,290.00
F1279,CHISANA,Tue Aug 21 16:24:00 PDT 2001,1.34,300.00
F1281,COTTONWOOD,Tue Aug 21 16:25:00 PDT 2001,2.68,300.00
F1282,EAGLE,Tue Aug 21 16:25:00 PDT 2001,3.13,330.00
F1292,GRAPHITE LAKE,Tue Aug 21 16:27:00 PDT 2001,7.15,40.00
F1299,HOODOO HILL,Tue Aug 21 16:19:00 PDT 2001,4.47,270.00
F1307,KAVET CREEK,Tue Aug 21 16:21:00 PDT 2001,2.68,270.00
F1308,KELLY,Tue Aug 21 16:23:00 PDT 2001,1.79,170.00
F1315,KLAWASI,Tue Aug 21 16:24:00 PDT 2001,8.05,350.00
F1317,LAKE MINCHUMINA,Tue Aug 21 16:20:00 PDT 2001,3.13,340.00
F1318,LIVENGOOD,Tue Aug 21 16:06:00 PDT 2001,6.71,340.00
F1319,MAY CREEK,Tue Aug 21 16:25:00 PDT 2001,4.47,30.00
F1320,MCKINLEY RIVER,Tue Aug 21 16:20:00 PDT 2001,3.13,300.00
F1324,NEW LAKE,Tue Aug 21 16:07:00 PDT 2001,3.13,50.00
F1326,NOATAK,Tue Aug 21 16:23:00 PDT 2001,2.24,10.00
F1327,NORUTAK LAKE,Tue Aug 21 16:21:00 PDT 2001,0.89,270.00
F1331,PORT ALSWORTH,Tue Aug 21 16:22:00 PDT 2001,1.34,320.00
F1335,REINDEER RIVER,Tue Aug 21 16:08:00 PDT 2001,4.92,280.00
F1337,ROUND LAKE,Tue Aug 21 16:10:00 PDT 2001,1.34,270.00
F1345,SITE SUMMIT,Tue Aug 21 16:14:00 PDT 2001,5.81,340.00
F1347,STONEY,Tue Aug 21 16:22:00 PDT 2001,3.58,160.00
F1349,SWANSON RIVER,Tue Aug 21 16:15:00 PDT 2001,1.34,290.00
F1354,VUNZIK LAKE,Tue Aug 21 16:18:00 PDT 2001,4.02,80.00
TR060,ALPINE,Tue Aug 21 16:06:00 PDT 2001,1.79,220.00
QBHA3,BLACK HILLS,Tue Aug 21 16:31:00 PDT 2001,1.79,260.00
QBRA3,BLACK ROCK,Tue Aug 21 16:01:00 PDT 2001,4.02,340.00
QBAA3,BRIGHT ANGEL,Tue Aug 21 16:11:00 PDT 2001,0.45,90.00
QBMA3,BUCKSKIN MTN,Tue Aug 21 16:10:00 PDT 2001,2.24,220.00
TR065,CARR,Tue Aug 21 16:31:00 PDT 2001,0.45,230.00
QCGA3,COLUMBINE,Tue Aug 21 16:10:00 PDT 2001,3.13,200.00
QEMA3,EMPIRE,Tue Aug 21 16:02:00 PDT 2001,3.13,180.00
FZWA3,FRAZIER WELLS,Tue Aug 21 16:15:00 PDT 2001,5.36,210.00
QGDA3,GOODWIN MESA,Tue Aug 21 16:03:00 PDT 2001,5.81,180.00
QGRA3,GREER,Tue Aug 21 16:08:00 PDT 2001,3.13,260.00
QGSA3,GUNSIGHT,Tue Aug 21 16:03:00 PDT 2001,1.79,140.00
QGTA3,GUTHRIE,Tue Aug 21 16:04:00 PDT 2001,1.79,230.00
QHAA3,HAVASU,Tue Aug 21 16:04:00 PDT 2001,4.47,220.00
QHEA3,HEBER,Tue Aug 21 16:06:00 PDT 2001,2.24,220.00
TR068,HILLTOP,Tue Aug 21 16:05:00 PDT 2001,2.68,220.00
QHRA3,HORSE CAMP CANYON,Tue Aug 21 16:05:00 PDT 2001,4.02,30.00
QHOA3,HOUSEROCK,Tue Aug 21 16:05:00 PDT 2001,5.81,200.00
QHBA3,HUMBUG CREEK,Tue Aug 21 16:06:00 PDT 2001,5.36,220.00
QHUA3,HURRICANE,Tue Aug 21 16:06:00 PDT 2001,3.13,210.00
QLBA3,LINDBERGH HILL,Tue Aug 21 16:12:00 PDT 2001,0.45,250.00
QMLA3,MOUNT LOGAN,Tue Aug 21 16:08:00 PDT 2001,0.00,180.00
QMRA3,MULESHOE RANCH,Tue Aug 21 16:09:00 PDT 2001,4.47,270.00
QMMA3,MUSIC MOUNTAIN,Tue Aug 21 16:09:00 PDT 2001,5.36,250.00
TR071,NIXON FLATS,Tue Aug 21 16:02:00 PDT 2001,0.89,140.00
QOKA3,OLAF KNOLLS,Tue Aug 21 16:10:00 PDT 2001,6.26,230.00
TR072,PORTABLEKNF1,Tue Aug 21 16:30:00 PDT 2001,4.47,210.00
QRTA3,ROBINSON TANK,Tue Aug 21 16:11:00 PDT 2001,5.81,200.00
QRSA3,ROOSEVELT,Tue Aug 21 16:11:00 PDT 2001,2.68,250.00
TR073,SAN CARLOS PORTABLE,Tue Aug 21 16:05:00 PDT 2001,2.68,200.00
QSTA3,STANTON,Tue Aug 21 16:12:00 PDT 2001,8.94,200.00
QSPA3,SUNSET POINT,Tue Aug 21 16:12:00 PDT 2001,8.94,200.00
QTCA3,TRAIL CABIN,Tue Aug 21 16:08:00 PDT 2001,1.79,250.00
QTWA3,TWEEDS POINT,Tue Aug 21 16:13:00 PDT 2001,8.49,240.00
QUPA3,UNION PASS,Tue Aug 21 16:13:00 PDT 2001,5.36,220.00
QWSA3,WARM SPRINGS CANYON,Tue Aug 21 16:03:00 PDT 2001,0.45,130.00
QYJA3,YELLOW JOHN MOUNTAI,Tue Aug 21 16:10:00 PDT 2001,3.58,200.00
NZAC1,ANZA,Tue Aug 21 16:12:00 PDT 2001,4.92,260.00
ARGC1,ARROYO GRANDE,Tue Aug 21 16:10:00 PDT 2001,2.68,250.00
ASRC1,ARROYO SECO (MT. DI,Tue Aug 21 16:09:00 PDT 2001,3.58,180.00
AVLC1,ASH VALLEY,Tue Aug 21 16:09:00 PDT 2001,6.26,320.00
BDMC1,BALD MTN LOC,Tue Aug 21 16:09:00 PDT 2001,0.45,80.00
TMP99,BATTERSON,Tue Aug 21 16:31:00 PDT 2001,2.24,250.00
BPKC1,BEAR PEAK,Tue Aug 21 16:21:00 PDT 2001,6.26,260.00
COKC1,BEAVER,Tue Aug 21 16:09:00 PDT 2001,1.79,230.00
CAPC1,BELL CANYON,Tue Aug 21 16:31:00 PDT 2001,13.86,200.00
BETC1,BENTON,Tue Aug 21 16:12:00 PDT 2001,1.79,320.00
TR361,BIG SUR,Tue Aug 21 16:26:00 PDT 2001,1.79,180.00
BOGC1,BOGARD R.S.,Tue Aug 21 16:30:00 PDT 2001,0.89,250.00
TR092,BUCK MEADOWS - FTS,Tue Aug 21 16:02:00 PDT 2001,2.68,240.00
BUFC1,BULL FLAT,Tue Aug 21 16:25:00 PDT 2001,4.47,270.00
TR008,CAHUILLA,Tue Aug 21 16:17:00 PDT 2001,6.71,270.00
CMNC1,CAMERON FIRE STATIO,Tue Aug 21 16:03:00 PDT 2001,3.58,210.00
CAZC1,CARRIZO,Tue Aug 21 16:08:00 PDT 2001,7.15,330.00
TMPA6,CATHEYS VALLEY,Tue Aug 21 16:03:00 PDT 2001,4.47,120.00
TR101,CDF PORTABLE #13,Tue Aug 21 16:23:00 PDT 2001,0.89,320.00
TR102,CDF PORTABLE #14,Tue Aug 21 16:23:00 PDT 2001,1.34,160.00
TR108,CDF PORTABLE #3,Tue Aug 21 16:28:00 PDT 2001,0.45,60.00
TR113,CDF PORTABLE #8,Tue Aug 21 16:26:00 PDT 2001,1.79,230.00
RODC1,CFLO RAWS,Tue Aug 21 16:14:00 PDT 2001,3.58,240.00
CESC1,CHESTER,Tue Aug 21 16:30:00 PDT 2001,3.58,250.00
CUUC1,CHUCHUPATE,Tue Aug 21 16:15:00 PDT 2001,1.79,90.00
CLHC1,CLARK,Tue Aug 21 16:12:00 PDT 2001,4.47,280.00
TR118,CLEVELAND PORTABLE,Tue Aug 21 16:21:00 PDT 2001,3.58,160.00
CVEC1,CONVERSE,Tue Aug 21 16:20:00 PDT 2001,3.58,250.00
PTEC1,COOSKIE MOUNTAIN,Tue Aug 21 16:06:00 PDT 2001,4.47,340.00
CTOC1,CORRALITOS,Tue Aug 21 16:02:00 PDT 2001,1.34,280.00
DNTC1,DELNORTE,Tue Aug 21 16:04:00 PDT 2001,2.68,80.00
TMPB0,DELONAGHA,Tue Aug 21 16:20:00 PDT 2001,1.79,180.00
DVOC1,DEVORE,Tue Aug 21 16:10:00 PDT 2001,3.13,200.00
TR124,DINKEY,Tue Aug 21 16:05:00 PDT 2001,2.24,220.00
ECSC1,EL CARISO,Tue Aug 21 16:04:00 PDT 2001,5.36,190.00
EMRC1,EL MIRAGE,Tue Aug 21 16:17:00 PDT 2001,8.05,280.00
ESPC1,ESPERANZA,Tue Aug 21 16:02:00 PDT 2001,1.79,280.00
FCHC1,FANCHER CREEK,Tue Aug 21 16:05:00 PDT 2001,2.68,240.00
FWSC1,FAWNSKIN,Tue Aug 21 16:20:00 PDT 2001,2.68,200.00
TR125,FENCE MEADOW - FTS,Tue Aug 21 16:01:00 PDT 2001,3.13,260.00
TMPB3,FIVE MILE,Tue Aug 21 16:14:00 PDT 2001,10.28,240.00
TR128,FORESTHILL,Tue Aug 21 16:10:00 PDT 2001,2.24,270.00
FHLX1,FORT HUNTER LIGGET,Tue Aug 21 16:22:00 PDT 2001,4.02,70.00
FODC1,FORT ORD,Tue Aug 21 16:16:00 PDT 2001,8.49,270.00
FTNC1,FOUNTAIN SPRINGS,Tue Aug 21 16:06:00 PDT 2001,2.68,310.00
FRCC1,FREMONT CANYON,Tue Aug 21 16:30:00 PDT 2001,5.81,210.00
TR137,H-T PORTABLE #1,Tue Aug 21 16:18:00 PDT 2001,5.81,260.00
GNSC1,GREEN SPRING,Tue Aug 21 16:03:00 PDT 2001,3.13,110.00
TR138,H-T PORTABLE #2,Tue Aug 21 16:29:00 PDT 2001,0.00,30.00
CAHC1,HASTINGS,Tue Aug 21 16:07:00 PDT 2001,4.02,300.00
HLLC1,HELL HOLE,Tue Aug 21 16:09:00 PDT 2001,3.13,260.00
HDZC1,HERNANDEZ,Tue Aug 21 16:07:00 PDT 2001,6.71,240.00
HTSC1,HORSE THIEF SPRINGS,Tue Aug 21 16:21:00 PDT 2001,4.92,350.00
IDWC1,INDIAN WELL,Tue Aug 21 16:16:00 PDT 2001,3.58,310.00
IWLC1,INDIAN WELLS CANYON,Tue Aug 21 16:13:00 PDT 2001,7.60,260.00
CHAC1,JORDAN CREEK PORTAB,Tue Aug 21 16:12:00 PDT 2001,0.00,70.00
JULC1,JULIAN,Tue Aug 21 16:14:00 PDT 2001,7.15,250.00
JPRC1,JUNIPER CREEK,Tue Aug 21 16:16:00 PDT 2001,2.68,320.00
KNWC1,KEENWILD,Tue Aug 21 16:19:00 PDT 2001,3.13,260.00
KTLC1,KETTLEMAN HILLS,Tue Aug 21 16:09:00 PDT 2001,4.02,30.00
KNXC1,KNOXVILLE CREEK,Tue Aug 21 16:05:00 PDT 2001,4.02,210.00
LPZC1,LA PANZA,Tue Aug 21 16:09:00 PDT 2001,4.47,220.00
TABC1,LAS TABLAS,Tue Aug 21 16:09:00 PDT 2001,2.24,280.00
LAFC1,LAUFMAN,Tue Aug 21 16:10:00 PDT 2001,2.24,230.00
LRLC1,LAURAL MOUNTAIN,Tue Aug 21 16:13:00 PDT 2001,4.47,330.00
TR148,LN5 - PORTABLE,Tue Aug 21 16:24:00 PDT 2001,0.45,230.00
SLRC1,LOS BANOS,Tue Aug 21 16:04:00 PDT 2001,5.36,260.00
LSGC1,LOS GATOS,Tue Aug 21 16:18:00 PDT 2001,2.24,20.00
LPOC1,LOS PRIETOS,Tue Aug 21 16:10:00 PDT 2001,2.68,280.00
TMPC4,LOWDEN,Tue Aug 21 16:03:00 PDT 2001,1.34,230.00
COWC1,LYONS VALLEY,Tue Aug 21 16:17:00 PDT 2001,7.15,270.00
LVMC1,MALLORY RIDGE,Tue Aug 21 16:19:00 PDT 2001,4.02,260.00
VIOC1,MANZANITA LAKE,Tue Aug 21 16:31:00 PDT 2001,2.68,250.00
MRIC1,MARIPOSA,Tue Aug 21 16:03:00 PDT 2001,3.13,270.00
MKEC1,MARKLEEVILLE,Tue Aug 21 16:18:00 PDT 2001,3.13,340.00
MCFC1,METCALF GAP,Tue Aug 21 16:04:00 PDT 2001,1.34,230.00
MYRC1,MEYERS,Tue Aug 21 16:10:00 PDT 2001,0.89,310.00
MDHC1,MID HILLS,Tue Aug 21 16:13:00 PDT 2001,4.47,250.00
MMKC1,MILL CREEK (BDF),Tue Aug 21 16:23:00 PDT 2001,3.13,110.00
TR362,MILO,Tue Aug 21 16:06:00 PDT 2001,2.68,240.00
MRSC1,MOJAVE RIVER SINK,Tue Aug 21 16:12:00 PDT 2001,7.15,260.00
MTIC1,MONTECITO,Tue Aug 21 16:10:00 PDT 2001,2.68,210.00
MNCC1,MORMON ROCK,Tue Aug 21 16:23:00 PDT 2001,4.47,100.00
TR166,MOUNT ELIZABETH - F,Tue Aug 21 16:02:00 PDT 2001,3.13,260.00
TR167,MOUNT TOM - FTS,Tue Aug 21 16:02:00 PDT 2001,5.36,230.00
MDAC1,MT. DIABLO,Tue Aug 21 16:17:00 PDT 2001,1.34,140.00
MLGC1,MT. LAGUNA,Tue Aug 21 16:03:00 PDT 2001,1.79,90.00
TR357,OAK BOTTOM,Tue Aug 21 16:30:00 PDT 2001,2.24,80.00
OGVC1,OAK GROVE,Tue Aug 21 16:04:00 PDT 2001,2.24,310.00
OJAC1,OJAI,Tue Aug 21 16:17:00 PDT 2001,3.58,260.00
OWNC1,OWENS CAMP,Tue Aug 21 16:11:00 PDT 2001,1.79,310.00
TMPD2,OWENS VALLEY,Tue Aug 21 16:08:00 PDT 2001,1.34,230.00
INTC1,PANAMINT,Tue Aug 21 16:01:00 PDT 2001,2.68,230.00
PKFC1,PARKFIELD,Tue Aug 21 16:08:00 PDT 2001,2.68,280.00
PKCC1,PIKE COUNTY LOOKOUT,Tue Aug 21 16:10:00 PDT 2001,1.79,220.00
PIHC1,PINE HILLS,Tue Aug 21 16:14:00 PDT 2001,3.13,290.00
TR177,PINE RIDGE PORTABLE,Tue Aug 21 16:16:00 PDT 2001,0.89,230.00
TR178,PIRU,Tue Aug 21 16:17:00 PDT 2001,5.36,260.00
POTC1,POTRERO,Tue Aug 21 16:14:00 PDT 2001,1.79,250.00
QYRC1,QUINCY RD,Tue Aug 21 16:18:00 PDT 2001,2.24,230.00
RCHC1,RANCHITA,Tue Aug 21 16:13:00 PDT 2001,8.05,270.00
TMPD4,RAVENDALE,Tue Aug 21 16:02:00 PDT 2001,3.13,220.00
RVYC1,RICE VALLEY,Tue Aug 21 16:02:00 PDT 2001,5.81,180.00
TMPD5,ROCK CREEK,Tue Aug 21 16:28:00 PDT 2001,2.24,310.00
ROVC1,ROSE VALLEY,Tue Aug 21 16:09:00 PDT 2001,4.92,240.00
RSHC1,RUSH CREEK,Tue Aug 21 16:10:00 PDT 2001,4.02,190.00
TR187,SADDLEBACK,Tue Aug 21 16:10:00 PDT 2001,5.36,260.00
SCNC1,SAN CLEMENTE ISLAND,Tue Aug 21 16:07:00 PDT 2001,1.34,150.00
SNCC1,SANTA CRUZ ISLAND,Tue Aug 21 16:25:00 PDT 2001,0.89,10.00
SRIC1,SANTA ROSA ISLAND,Tue Aug 21 16:24:00 PDT 2001,11.18,300.00
SRUC1,SANTA ROSA PLATEAU,Tue Aug 21 16:11:00 PDT 2001,5.36,320.00
TR188,SCHOOL HOUSE,Tue Aug 21 16:10:00 PDT 2001,5.36,310.00
SHQC1,SHADEQUARTER,Tue Aug 21 16:06:00 PDT 2001,2.68,270.00
TMPD8,SHAVER,Tue Aug 21 16:05:00 PDT 2001,1.34,260.00
TMPD9,SQUAW LAKE,Tue Aug 21 16:14:00 PDT 2001,6.71,270.00
SMDC1,STAMPEDE,Tue Aug 21 16:02:00 PDT 2001,3.58,190.00
TCLC1,TEMESCAL #2,Tue Aug 21 16:25:00 PDT 2001,2.68,190.00
TR199,TRIMMER - FTS,Tue Aug 21 16:02:00 PDT 2001,2.24,270.00
TMEC1,TUOLME,Tue Aug 21 16:21:00 PDT 2001,2.24,200.00
VLCC1,VALLEY CENTER,Tue Aug 21 16:13:00 PDT 2001,3.13,310.00
WKPC1,WHITAKER PEAK,Tue Aug 21 16:18:00 PDT 2001,4.47,140.00
WWRC1,WWOLF,Tue Aug 21 16:22:00 PDT 2001,1.34,220.00
UCCC1,YUCCA VALLEY,Tue Aug 21 16:11:00 PDT 2001,4.02,200.00
LPRC2,BLACK CANYON,Tue Aug 21 16:20:00 PDT 2001,1.79,240.00
CPTC2,CARPENTER RIDGE,Tue Aug 21 16:29:00 PDT 2001,0.45,220.00
CHPC2,CHAPIN - FTS,Tue Aug 21 16:17:00 PDT 2001,2.24,250.00
CGRC2,COPPER GULCH,Tue Aug 21 16:15:00 PDT 2001,1.79,270.00
CMEC2,COTTONWOOD BASIN,Tue Aug 21 16:15:00 PDT 2001,1.34,10.00
DRAC2,DRAGON ROAD,Tue Aug 21 16:21:00 PDT 2001,0.00,170.00
EGRC2,ERNIE GULCH,Tue Aug 21 16:16:00 PDT 2001,7.15,120.00
GDRC2,GREAT DIVIDE,Tue Aug 21 16:16:00 PDT 2001,5.81,220.00
GSPC2,GUNSIGHT,Tue Aug 21 16:17:00 PDT 2001,2.68,120.00
GPRC2,GYPSUM,Tue Aug 21 16:17:00 PDT 2001,0.89,350.00
HCKC2,HUNTER CREEK,Tue Aug 21 16:18:00 PDT 2001,1.79,170.00
HMEC2,HUNTSMAN MESA,Tue Aug 21 16:18:00 PDT 2001,1.34,320.00
TR205,INDIAN CK MICRO FS,Tue Aug 21 16:17:00 PDT 2001,0.00,120.00
JAYC2,JAY,Tue Aug 21 16:19:00 PDT 2001,2.24,270.00
LODC2,LADORE,Tue Aug 21 16:20:00 PDT 2001,4.92,250.00
MMRC2,MESA MTN,Tue Aug 21 16:12:00 PDT 2001,4.02,240.00
MRFC2,MOREFIELD - FTS,Tue Aug 21 16:17:00 PDT 2001,3.13,290.00
NUCC2,NUCLA,Tue Aug 21 16:26:00 PDT 2001,4.02,300.00
PIRC2,PINTO,Tue Aug 21 16:21:00 PDT 2001,0.89,190.00
TR209,R02F - PORTABLE - 5,Tue Aug 21 16:28:00 PDT 2001,0.00,190.00
RFEC2,RIFLE,Tue Aug 21 16:22:00 PDT 2001,5.81,190.00
CRWC2,THE CROWN,Tue Aug 21 16:22:00 PDT 2001,4.02,350.00
F1466,CACHE - FTS,Tue Aug 21 16:16:00 PDT 2001,0.89,150.00
F1683,COHUTTA#1,Tue Aug 21 16:05:00 PDT 2001,1.34,340.00
F1474,KEAUMO,Tue Aug 21 16:07:00 PDT 2001,4.47,40.00
BCFI1,BEARSKIN CREEK,Tue Aug 21 16:13:00 PDT 2001,3.13,260.00
YFFI1,BONANZA,Tue Aug 21 16:05:00 PDT 2001,1.34,190.00
CHRI1,CHALLIS,Tue Aug 21 16:03:00 PDT 2001,2.24,90.00
CBFI1,COPPER BASIN,Tue Aug 21 16:05:00 PDT 2001,5.81,220.00
CYFI1,CRYSTAL,Tue Aug 21 16:17:00 PDT 2001,4.92,180.00
DEAI1,DEAD INDIAN RIDGE,Tue Aug 21 16:08:00 PDT 2001,1.79,290.00
DPKI1,DEEP CREEK,Tue Aug 21 16:29:00 PDT 2001,0.89,180.00
DEHI1,DEER HAVEN,Tue Aug 21 16:11:00 PDT 2001,4.47,220.00
DNFI1,DENT,Tue Aug 21 16:13:00 PDT 2001,4.47,240.00
DMNI1,DIAMOND FLAT,Tue Aug 21 16:15:00 PDT 2001,1.34,70.00
TR225,EAGLE,Tue Aug 21 16:13:00 PDT 2001,0.45,40.00
EZRI1,EZRA CREEK,Tue Aug 21 16:13:00 PDT 2001,2.68,40.00
FERI1,FENN,Tue Aug 21 16:14:00 PDT 2001,1.79,260.00
FLEI1,FLECK SUMMIT,Tue Aug 21 16:08:00 PDT 2001,4.47,190.00
FLFI1,FLINT CREEK,Tue Aug 21 16:10:00 PDT 2001,2.24,250.00
GASI1,GAS CAVES,Tue Aug 21 16:25:00 PDT 2001,5.81,200.00
GSKI1,GOOSE CREEK,Tue Aug 21 16:14:00 PDT 2001,6.71,20.00
TR240,HAYDEN LAKE - FTS,Tue Aug 21 16:08:00 PDT 2001,3.58,240.00
HBFI1,HORSE BUTTE,Tue Aug 21 16:16:00 PDT 2001,4.92,20.00
HPFI1,HORTON PEAK,Tue Aug 21 16:08:00 PDT 2001,5.36,170.00
INDI1,INDIANOLA,Tue Aug 21 16:07:00 PDT 2001,4.02,130.00
KRCI1,KRILEY CREEK,Tue Aug 21 16:28:00 PDT 2001,2.24,340.00
LDOI1,LEADORE CREEK,Tue Aug 21 16:29:00 PDT 2001,6.71,140.00
TR244,LIME CREEK,Tue Aug 21 16:17:00 PDT 2001,2.68,20.00
LTAI1,LITTLE ANDERSON,Tue Aug 21 16:13:00 PDT 2001,0.89,310.00
THFI1,LITTLE CREEK,Tue Aug 21 16:05:00 PDT 2001,4.47,140.00
LPFI1,LODGEPOLE,Tue Aug 21 16:12:00 PDT 2001,4.92,240.00
MOFI1,MOBURG CANYON,Tue Aug 21 16:05:00 PDT 2001,6.26,100.00
MOOI1,MOOSE CREEK,Tue Aug 21 16:12:00 PDT 2001,2.24,230.00
TR245,NORTH FORK,Tue Aug 21 16:16:00 PDT 2001,3.13,160.00
PIEI1,PIERCE,Tue Aug 21 16:13:00 PDT 2001,0.45,80.00
PNFI1,PINE CREEK,Tue Aug 21 16:02:00 PDT 2001,1.34,270.00
PCKI1,POLE CREEK,Tue Aug 21 16:24:00 PDT 2001,4.92,260.00
POTI1,POTLATCH,Tue Aug 21 16:12:00 PDT 2001,1.79,200.00
SVFI1,POWELL,Tue Aug 21 16:11:00 PDT 2001,2.24,220.00
RRFI1,RED RIVER,Tue Aug 21 16:11:00 PDT 2001,0.45,60.00
SADI1,SADDLE PASS,Tue Aug 21 16:09:00 PDT 2001,1.79,120.00
SHCI1,SHOCK,Tue Aug 21 16:12:00 PDT 2001,1.79,250.00
SFFI1,SKI HILL,Tue Aug 21 16:08:00 PDT 2001,1.79,10.00
SKFI1,SKULL GULCH,Tue Aug 21 16:09:00 PDT 2001,4.47,290.00
SCFI1,SLATE CREEK,Tue Aug 21 16:12:00 PDT 2001,2.68,320.00
SRFI1,SNAKE RIVER,Tue Aug 21 16:08:00 PDT 2001,3.58,250.00
MCLI1,TEA POT,Tue Aug 21 16:12:00 PDT 2001,6.71,250.00
TCFI1,TOWN CREEK,Tue Aug 21 16:13:00 PDT 2001,1.79,90.00
TGFI1,TRAIL GULCH,Tue Aug 21 16:06:00 PDT 2001,4.92,90.00
WEFI1,WEISER RIVER,Tue Aug 21 16:12:00 PDT 2001,4.92,130.00
F1504,TALLGRASS PRAIRE,Tue Aug 21 16:02:00 PDT 2001,7.15,200.00
F1505,KYLBL,Tue Aug 21 16:14:00 PDT 2001,1.79,190.00
F1506,CATAHOULA - FTS,Tue Aug 21 16:20:00 PDT 2001,1.79,200.00
F1507,EVANGELINE/GARDNER,Tue Aug 21 16:04:00 PDT 2001,2.24,190.00
F1509,NATCHITOCHES,Tue Aug 21 16:20:00 PDT 2001,1.79,210.00
F1514,AVA - FTS,Tue Aug 21 16:15:00 PDT 2001,4.47,180.00
F1515,CARR CREEK,Tue Aug 21 16:18:00 PDT 2001,1.79,170.00
F1516,DONIPHAN - FTS,Tue Aug 21 16:15:00 PDT 2001,2.24,160.00
F1517,SINKIN - FTS,Tue Aug 21 16:15:00 PDT 2001,2.24,160.00
F1673,BIENVILLE - FTS,Tue Aug 21 16:21:00 PDT 2001,0.89,110.00
ARMM8,ARMELLS CREEK,Tue Aug 21 16:05:00 PDT 2001,2.68,310.00
BAFM8,BADGER PEAK,Tue Aug 21 16:26:00 PDT 2001,4.02,330.00
BIFM8,BC BALDY,Tue Aug 21 16:07:00 PDT 2001,5.36,310.00
TR266,BRADSHAW PORTABLE F,Tue Aug 21 16:18:00 PDT 2001,1.34,320.00
BRRM8,BRENNER,Tue Aug 21 16:23:00 PDT 2001,1.79,150.00
TR267,BVD/DEERLODGE - POR,Tue Aug 21 16:23:00 PDT 2001,2.24,310.00
CBUM8,CHAIN BUTTES,Tue Aug 21 16:22:00 PDT 2001,0.45,30.00
DEEM8,DEER MOUNTAIN,Tue Aug 21 16:04:00 PDT 2001,3.13,10.00
TR270,ENNIS - FTS,Tue Aug 21 16:03:00 PDT 2001,2.68,290.00
TR271,EUREKA,Tue Aug 21 16:04:00 PDT 2001,3.58,220.00
FHFM8,FORT HOWES,Tue Aug 21 16:24:00 PDT 2001,2.24,10.00
TR273,GALLATIN NF - PORTA,Tue Aug 21 16:04:00 PDT 2001,2.24,210.00
GINM8,GINGER,Tue Aug 21 16:03:00 PDT 2001,3.58,200.00
GPRM8,GIRD POINT - FTS,Tue Aug 21 16:06:00 PDT 2001,1.79,230.00
HOTM8,HOT SPRINGS,Tue Aug 21 16:22:00 PDT 2001,2.24,210.00
HNYM8,HUNGRY HORSE,Tue Aug 21 16:14:00 PDT 2001,1.79,260.00
KTFM8,KNOWLTON,Tue Aug 21 16:24:00 PDT 2001,1.79,170.00
TR277,LIBBY,Tue Aug 21 16:04:00 PDT 2001,0.00,270.00
LNCM8,LINCOLN,Tue Aug 21 16:05:00 PDT 2001,1.79,240.00
TR279,LOLO PORTABLE FTS,Tue Aug 21 16:18:00 PDT 2001,2.68,210.00
MSLM8,MISSOULA -  FTS,Tue Aug 21 16:05:00 PDT 2001,2.68,270.00
TR280,NINE MILE - FTS,Tue Aug 21 16:01:00 PDT 2001,5.36,220.00
TR281,PHILLIPSBURG - FTS,Tue Aug 21 16:03:00 PDT 2001,2.68,310.00
PNTM8,POINT 6,Tue Aug 21 16:05:00 PDT 2001,0.45,260.00
PHYM8,PORPHYRY,Tue Aug 21 16:03:00 PDT 2001,3.13,300.00
TR284,R1 - PORTABLE,Tue Aug 21 16:17:00 PDT 2001,0.45,170.00
TR285,R1 QUICK DEPLOY - F,Tue Aug 21 16:17:00 PDT 2001,0.89,150.00
RRDM8,RED ROCK,Tue Aug 21 16:02:00 PDT 2001,4.02,200.00
RCBM8,ROCKY BOY,Tue Aug 21 16:26:00 PDT 2001,2.24,290.00
TR290,SEELEY LAKE - FTS,Tue Aug 21 16:02:00 PDT 2001,3.13,280.00
SMTM8,SMITH CREEK,Tue Aug 21 16:02:00 PDT 2001,2.24,80.00
TR292,SOUTH KIRBY COULEE,Tue Aug 21 16:11:00 PDT 2001,0.89,30.00
SRYM8,ST. MARY,Tue Aug 21 16:26:00 PDT 2001,2.24,130.00
TR294,ST. REGIS - FTS,Tue Aug 21 16:02:00 PDT 2001,1.34,220.00
TEPM8,TEPEE PT,Tue Aug 21 16:09:00 PDT 2001,2.68,200.00
TR299,TROY,Tue Aug 21 16:07:00 PDT 2001,1.79,260.00
TMPF6,WEST FORK,Tue Aug 21 16:03:00 PDT 2001,2.68,60.00
TMPF7,WHITE SULPHUR SPRIN,Tue Aug 21 16:03:00 PDT 2001,2.24,20.00
TR301,WHITEHALL - FTS,Tue Aug 21 16:03:00 PDT 2001,2.68,200.00
TR302,WISE RIVER - FTS,Tue Aug 21 16:04:00 PDT 2001,3.13,220.00
WWMM8,WOLF MOUNTAIN,Tue Aug 21 16:26:00 PDT 2001,2.68,330.00
TR303,YAAK (UPPER FORD),Tue Aug 21 16:07:00 PDT 2001,2.24,50.00
F1559,DUKE FOREST,Tue Aug 21 16:07:00 PDT 2001,0.89,30.00
F1560,FORT BRAGG,Tue Aug 21 16:07:00 PDT 2001,1.79,50.00
F1685,CROSBY,Tue Aug 21 16:29:00 PDT 2001,4.02,350.00
F1567,DEVILS LAKE,Tue Aug 21 16:16:00 PDT 2001,0.89,60.00
F1570,SAND CREEK,Tue Aug 21 16:20:00 PDT 2001,1.79,20.00
F1571,SHEYENNE,Tue Aug 21 16:30:00 PDT 2001,1.79,70.00
F1572,WATFORD CITY,Tue Aug 21 16:10:00 PDT 2001,1.34,300.00
CWRN5,ALBINO CANYON,Tue Aug 21 16:22:00 PDT 2001,2.24,250.00
GBWN5,BEAR WALLOW,Tue Aug 21 16:19:00 PDT 2001,1.34,220.00
TR306,BEAVERHEAD - FTS,Tue Aug 21 16:21:00 PDT 2001,2.24,300.00
BDAN5,BOSQUE,Tue Aug 21 16:03:00 PDT 2001,4.02,210.00
ACON5,BRUSHY MOUNTAIN,Tue Aug 21 16:15:00 PDT 2001,3.13,250.00
CPPN5,CAPROCK,Tue Aug 21 16:26:00 PDT 2001,2.68,300.00
BCHN5,CHUPADERA,Tue Aug 21 16:27:00 PDT 2001,4.92,200.00
CBBN5,CUBA,Tue Aug 21 16:29:00 PDT 2001,3.58,270.00
DPKN5,DEADMAN PEAK,Tue Aug 21 16:07:00 PDT 2001,1.34,260.00
LOMN5,DRIPPING SPRINGS,Tue Aug 21 16:14:00 PDT 2001,3.13,210.00
DUNN5,DUNKEN,Tue Aug 21 16:27:00 PDT 2001,7.60,140.00
REMN5,EIGHT MILE DRAW,Tue Aug 21 16:18:00 PDT 2001,5.81,160.00
F1584,GARCIA CANY ALERT #,Tue Aug 21 16:18:00 PDT 2001,0.45,30.00
HHRN5,HACHITA VALLEY,Tue Aug 21 16:19:00 PDT 2001,1.34,330.00
GMLN5,MALPIAS LAVA FLOW,Tue Aug 21 16:21:00 PDT 2001,0.00,220.00
MPAN5,PADUCA,Tue Aug 21 16:28:00 PDT 2001,4.47,310.00
DPRN5,PELONA MOUNTAIN,Tue Aug 21 16:23:00 PDT 2001,3.58,310.00
F1588,PUEBLO CANY ALERT #,Tue Aug 21 16:18:00 PDT 2001,0.00,70.00
SNDN5,SAN ANDRES,Tue Aug 21 16:04:00 PDT 2001,2.68,270.00
SCLN5,SANTA CLARA CANY AL,Tue Aug 21 16:27:00 PDT 2001,0.00,310.00
UVSN5,SIERRA DE LAS UVAS,Tue Aug 21 16:30:00 PDT 2001,1.79,280.00
SLMN5,SLAUGHTER,Tue Aug 21 16:19:00 PDT 2001,1.34,180.00
TMPG1,TOWER,Tue Aug 21 16:21:00 PDT 2001,1.34,90.00
ULAN5,UPPER LOS ALAMOS AL,Tue Aug 21 16:26:00 PDT 2001,0.00,220.00
TR317,UPPER SANTA CLARA #,Tue Aug 21 16:25:00 PDT 2001,0.00,360.00
ALLN2,ALLIGATOR RIDGE,Tue Aug 21 16:09:00 PDT 2001,1.79,240.00
BLUN2,BLUEWING MOUNTAIN,Tue Aug 21 16:06:00 PDT 2001,2.24,210.00
BUFN2,BUFFALO CREEK,Tue Aug 21 16:11:00 PDT 2001,2.68,220.00
CEDN2,CEDAR PASS,Tue Aug 21 16:29:00 PDT 2001,2.24,180.00
COMN2,COMBS CANYON,Tue Aug 21 16:26:00 PDT 2001,3.13,290.00
COYN2,COYOTE WASH,Tue Aug 21 16:28:00 PDT 2001,5.81,160.00
CRSN2,CRANE SPRINGS,Tue Aug 21 16:11:00 PDT 2001,5.81,340.00
DEDN2,DEAD CAMEL MOUNTAIN,Tue Aug 21 16:03:00 PDT 2001,1.79,270.00
GRVN2,DESATOYA MOUNTAIN,Tue Aug 21 16:13:00 PDT 2001,4.47,270.00
DESN2,DESERT SPRINGS,Tue Aug 21 16:22:00 PDT 2001,4.47,290.00
DRYN2,DRY CANYON,Tue Aug 21 16:30:00 PDT 2001,1.34,20.00
FISN2,FISH SPRINGS,Tue Aug 21 16:02:00 PDT 2001,5.36,300.00
IMWN2,IMMIGRATION WASH,Tue Aug 21 16:28:00 PDT 2001,8.05,210.00
KNSN2,KANE SPRINGS,Tue Aug 21 16:28:00 PDT 2001,8.94,190.00
KYCN2,KYLE CANYON,Tue Aug 21 16:16:00 PDT 2001,4.02,220.00
LONN2,LONG HOLLOW,Tue Aug 21 16:11:00 PDT 2001,4.02,180.00
LDXU1,LOWER DIXIE,Tue Aug 21 16:20:00 PDT 2001,2.68,350.00
MORN2,MOREY CREEK,Tue Aug 21 16:07:00 PDT 2001,4.02,200.00
MTSN2,MOUNTAIN SPRINGS,Tue Aug 21 16:16:00 PDT 2001,5.36,240.00
ORWN2,ORIENTAL WASH,Tue Aug 21 16:27:00 PDT 2001,5.81,170.00
PANN2,PANCAKE,Tue Aug 21 16:26:00 PDT 2001,2.68,130.00
RRKN2,RED ROCK,Tue Aug 21 16:19:00 PDT 2001,4.47,220.00
RSCN2,ROCK SPRING CREEK,Tue Aug 21 16:30:00 PDT 2001,6.71,20.00
SIAN2,SIARD,Tue Aug 21 16:30:00 PDT 2001,3.58,180.00
SPMN2,SPRUCE MOUNTAIN,Tue Aug 21 16:18:00 PDT 2001,4.02,110.00
STMN2,STAG MOUNTAIN,Tue Aug 21 16:10:00 PDT 2001,4.92,220.00
UPDN2,UPPER DIXIE,Tue Aug 21 16:23:00 PDT 2001,2.68,270.00
F1592,WICHITA,Tue Aug 21 16:09:00 PDT 2001,2.68,190.00
ALFO3,ALLISON,Tue Aug 21 16:18:00 PDT 2001,8.49,250.00
ATFO3,ANTELOPE,Tue Aug 21 16:12:00 PDT 2001,8.49,250.00
BQFO3,BASQUE HILLS,Tue Aug 21 16:07:00 PDT 2001,2.24,100.00
TR322,BLACK MTN #2 - FTS,Tue Aug 21 16:23:00 PDT 2001,2.68,270.00
BEFO3,BLUE RIDGE,Tue Aug 21 16:27:00 PDT 2001,4.92,250.00
BCFO3,BOARD CREEK,Tue Aug 21 16:25:00 PDT 2001,2.24,300.00
BWFO3,BROWNS WELL,Tue Aug 21 16:02:00 PDT 2001,5.81,240.00
PKFO3,BUCKEYE,Tue Aug 21 16:14:00 PDT 2001,0.00,150.00
BUCO3,BUCKHORN SPRINGS,Tue Aug 21 16:04:00 PDT 2001,2.24,310.00
BNFO3,BURNT MOUNTAIN,Tue Aug 21 16:30:00 PDT 2001,0.89,170.00
CVFO3,CALVERT PEAK,Tue Aug 21 16:07:00 PDT 2001,2.24,220.00
CTWO3,CAMP 2,Tue Aug 21 16:25:00 PDT 2001,1.34,10.00
CPFO3,CRANE PRAIRIE,Tue Aug 21 16:11:00 PDT 2001,1.79,210.00
CWFO3,CROW FLAT,Tue Aug 21 16:11:00 PDT 2001,3.58,20.00
TR324,DESCHUTES PORTABLE,Tue Aug 21 16:02:00 PDT 2001,3.13,300.00
ENFO3,EDEN,Tue Aug 21 16:16:00 PDT 2001,2.24,180.00
EVFO3,EVANS CREEK,Tue Aug 21 16:06:00 PDT 2001,3.13,270.00
FMFO3,FALL MOUNTAIN,Tue Aug 21 16:11:00 PDT 2001,2.24,310.00
FFFO3,FISH FIN RIM,Tue Aug 21 16:30:00 PDT 2001,2.68,210.00
GRBO3,GERBER RESERVOIR,Tue Aug 21 16:12:00 PDT 2001,1.79,250.00
GSFO3,GRASSY MOUNTAIN,Tue Aug 21 16:10:00 PDT 2001,5.36,320.00
SBFO3,ILLINOIS VALLEY AIR,Tue Aug 21 16:08:00 PDT 2001,4.92,260.00
JRFO3,J RIDGE,Tue Aug 21 16:23:00 PDT 2001,2.24,270.00
KEEO3,KEENEY TWO,Tue Aug 21 16:11:00 PDT 2001,1.79,160.00
KBFO3,KELSAY BUTTE,Tue Aug 21 16:24:00 PDT 2001,4.47,270.00
LBFO3,LAVA BUTTE,Tue Aug 21 16:14:00 PDT 2001,3.13,220.00
LGFO3,LOG CREEK,Tue Aug 21 16:21:00 PDT 2001,1.34,10.00
MLFO3,MERLIN SEED ORCHARD,Tue Aug 21 16:09:00 PDT 2001,2.68,290.00
MEFO3,METOLIUS ARM,Tue Aug 21 16:27:00 PDT 2001,2.24,340.00
WSFO3,MT. WILSON,Tue Aug 21 16:27:00 PDT 2001,1.79,210.00
MMFO3,MUTTON MOUNTAIN,Tue Aug 21 16:27:00 PDT 2001,2.24,190.00
FGFO3,P HILL  (FRENCHGLEN,Tue Aug 21 16:17:00 PDT 2001,3.13,210.00
PANO3,PANHANDLE,Tue Aug 21 16:13:00 PDT 2001,0.00,80.00
PPFO3,POINT PROM II,Tue Aug 21 16:23:00 PDT 2001,0.89,30.00
PJFO3,POOR JUG,Tue Aug 21 16:21:00 PDT 2001,0.89,210.00
PRFO3,PROVOLT SEED ORCHAR,Tue Aug 21 16:08:00 PDT 2001,5.81,320.00
RXFO3,RED BOX,Tue Aug 21 16:20:00 PDT 2001,1.79,320.00
RMFO3,RED MOUND,Tue Aug 21 16:16:00 PDT 2001,1.79,170.00
RVFO3,ROVER,Tue Aug 21 16:05:00 PDT 2001,2.68,260.00
TRFO3,SIGNAL TREE,Tue Aug 21 16:29:00 PDT 2001,4.92,250.00
STFO3,STRAWBERRY,Tue Aug 21 16:24:00 PDT 2001,2.24,310.00
SMFO3,SUMMIT,Tue Aug 21 16:24:00 PDT 2001,4.02,200.00
TMFO3,TIMOTHY,Tue Aug 21 16:24:00 PDT 2001,3.13,260.00
WMFO3,WAMIC MILL,Tue Aug 21 16:22:00 PDT 2001,3.58,240.00
F1604,MAGPIE CREEK,Tue Aug 21 16:22:00 PDT 2001,2.24,20.00
F1606,PINE RIDGE,Tue Aug 21 16:27:00 PDT 2001,1.79,50.00
F1612,ARANSAS,Tue Aug 21 16:08:00 PDT 2001,4.47,120.00
F1614,BRAZORIA NWR,Tue Aug 21 16:09:00 PDT 2001,3.13,140.00
F1616,CHISOS BASIN - FTS,Tue Aug 21 16:22:00 PDT 2001,1.34,330.00
F1640,PINERY - FTS,Tue Aug 21 16:06:00 PDT 2001,4.02,220.00
F1620,THE BOWL,Tue Aug 21 16:04:00 PDT 2001,3.13,310.00
ACRU1,AGUA CANYON,Tue Aug 21 16:12:00 PDT 2001,0.00,220.00
ARAU1,ARAGONITE,Tue Aug 21 16:03:00 PDT 2001,2.68,100.00
ASYU1,ASSAY,Tue Aug 21 16:14:00 PDT 2001,0.89,120.00
BADU1,BADGER SPRING,Tue Aug 21 16:04:00 PDT 2001,7.15,230.00
BIVU1,BIG INDIAN VALLEY,Tue Aug 21 16:04:00 PDT 2001,3.13,30.00
BKCU1,BLACK CEDAR,Tue Aug 21 16:07:00 PDT 2001,3.58,90.00
BRPU1,BRUIN POINT,Tue Aug 21 16:07:00 PDT 2001,0.45,90.00
BUKU1,BUCK FLAT,Tue Aug 21 16:14:00 PDT 2001,1.34,320.00
BEUU1,BUES CANYON,Tue Aug 21 16:14:00 PDT 2001,1.34,210.00
CCRU1,CART CREEK,Tue Aug 21 16:06:00 PDT 2001,0.00,230.00
CDMU1,CEDAR MOUNTAIN,Tue Aug 21 16:15:00 PDT 2001,8.49,150.00
CHPU1,CHEPETA,Tue Aug 21 16:05:00 PDT 2001,6.26,320.00
DIAU1,DIAMOND RIM,Tue Aug 21 16:23:00 PDT 2001,4.02,300.00
TR336,FISHLAKE PORTABLE #,Tue Aug 21 16:22:00 PDT 2001,0.00,110.00
FIVU1,FIVE MILE,Tue Aug 21 16:15:00 PDT 2001,4.92,220.00
FTMU1,FLATTOP MOUNTAIN,Tue Aug 21 16:05:00 PDT 2001,4.02,330.00
HWAU1,HEWINTA,Tue Aug 21 16:08:00 PDT 2001,0.00,60.00
JVAU1,JOES VALLLEY,Tue Aug 21 16:28:00 PDT 2001,0.00,340.00
KAGU1,KANE GULCH,Tue Aug 21 16:27:00 PDT 2001,2.68,170.00
LSCU1,LOST CREEK,Tue Aug 21 16:16:00 PDT 2001,3.13,350.00
TR337,MANTI - PORTABLE #1,Tue Aug 21 16:06:00 PDT 2001,0.00,290.00
MSRU1,MUD SPRING,Tue Aug 21 16:13:00 PDT 2001,2.68,120.00
NWYU1,NORWAY,Tue Aug 21 16:08:00 PDT 2001,0.00,150.00
TR339,NPS #3,Tue Aug 21 16:15:00 PDT 2001,2.24,40.00
PGRU1,PLEASANT GROVE,Tue Aug 21 16:07:00 PDT 2001,5.81,50.00
SBWU1,SEVIER RESERVOIR,Tue Aug 21 16:14:00 PDT 2001,1.34,350.00
SIGU1,SIGNAL PEAK,Tue Aug 21 16:07:00 PDT 2001,1.79,250.00
TBSU1,TOM BEST SPRING,Tue Aug 21 16:16:00 PDT 2001,3.58,220.00
TVWU1,TULE VALLEY,Tue Aug 21 16:15:00 PDT 2001,7.60,340.00
VENU1,VERNON,Tue Aug 21 16:27:00 PDT 2001,8.94,160.00
WRRU1,WHITE REEF,Tue Aug 21 16:04:00 PDT 2001,7.15,200.00
YLSU1,YELLOWSTONE DRAINAG,Tue Aug 21 16:06:00 PDT 2001,0.00,30.00
F1644,SWEEZY,Tue Aug 21 16:20:00 PDT 2001,0.89,250.00
ABNW1,ABERNATHY MTN.,Tue Aug 21 16:12:00 PDT 2001,3.13,180.00
DRYW1,DRY CREEK,Tue Aug 21 16:19:00 PDT 2001,1.79,270.00
EKRW1,ELK ROCK,Tue Aug 21 16:19:00 PDT 2001,4.47,170.00
HRFW1,ELLIS MT,Tue Aug 21 16:16:00 PDT 2001,3.13,90.00
ENFW1,ENTIAT,Tue Aug 21 16:13:00 PDT 2001,4.02,160.00
GWFW1,GREENWATER,Tue Aug 21 16:24:00 PDT 2001,0.45,330.00
GRFW1,GREY BACK,Tue Aug 21 16:11:00 PDT 2001,5.81,280.00
WRFW1,HAMILTON MOUNTAIN,Tue Aug 21 16:15:00 PDT 2001,0.89,290.00
HKFW1,HUCKLEBERRY RIDGE,Tue Aug 21 16:18:00 PDT 2001,3.13,340.00
KOSW1,KOSMOS,Tue Aug 21 16:14:00 PDT 2001,2.68,40.00
MIPW1,MINOT PEAK,Tue Aug 21 16:13:00 PDT 2001,1.34,120.00
OLFW1,OWL MT,Tue Aug 21 16:17:00 PDT 2001,3.58,320.00
PEFW1,PEOH POINT,Tue Aug 21 16:22:00 PDT 2001,0.89,100.00
MEFW1,SAWMILL FLATS,Tue Aug 21 16:15:00 PDT 2001,2.68,260.00
PIFW1,SEDGE RIDGE,Tue Aug 21 16:21:00 PDT 2001,5.81,310.00
TR345,STEHEKIN,Tue Aug 21 16:31:00 PDT 2001,2.24,290.00
SMFW1,SUMAS,Tue Aug 21 16:20:00 PDT 2001,8.49,130.00
FWFW1,SWAUK,Tue Aug 21 16:15:00 PDT 2001,1.79,200.00
VPFW1,VIEWPOINT,Tue Aug 21 16:31:00 PDT 2001,1.79,260.00
GTGW4,GRAND TETON,Tue Aug 21 16:23:00 PDT 2001,5.36,210.00
QADW4,QUADRANT,Tue Aug 21 16:03:00 PDT 2001,4.02,190.00
THRW4,THOROFARE,Tue Aug 21 16:11:00 PDT 2001,0.00,210.00
WRVW4,WIND RIVER,Tue Aug 21 16:22:00 PDT 2001,1.34,340.00
BMTC2,Blue_Mountain,Tue Aug 21 16:47:00 PDT 2001,0.45,315.00
QURC2,Quincy_Res,Tue Aug 21 16:47:00 PDT 2001,2.15,338.00
DHPC2,Diamond_Hill,Tue Aug 21 16:47:00 PDT 2001,1.88,310.00
EBBC2,Elbert,Tue Aug 21 16:47:00 PDT 2001,1.97,342.00
BHNC2,Brighton,Tue Aug 21 16:47:00 PDT 2001,1.39,349.00
SQWC2,Squaw_Mountain,Tue Aug 21 16:47:00 PDT 2001,0.67,222.00
HGCC2,Hiwan_G.C.,Tue Aug 21 16:47:00 PDT 2001,0.45,308.00
HIGC2,Highlands_Ranch_WTP,Tue Aug 21 16:47:00 PDT 2001,2.50,309.00
SAPC2,Salisbury_Park,Tue Aug 21 16:47:00 PDT 2001,2.82,354.00
COKC2,Castle_Rock,Tue Aug 21 16:47:00 PDT 2001,1.39,34.00
WRDC2,Ward_C-1,Tue Aug 21 16:47:00 PDT 2001,1.25,270.00
SFSC2,Sugarloaf,Tue Aug 21 16:47:00 PDT 2001,1.12,298.00
LEWC2,Louisville_Lake,Tue Aug 21 16:47:00 PDT 2001,1.52,343.00
CALC2,Cal-Wood_Ranch,Tue Aug 21 16:47:00 PDT 2001,0.00,248.00
BTRC2,Button_Rock,Tue Aug 21 16:47:00 PDT 2001,0.36,298.00
NWTC,Rocky Flats Nat Wind Tech Ctr         NREL,Tue Aug 21 16:41:00 PDT 2001,4.92,280.00
NCARM,NCAR Table Mesa                       NCAR,Tue Aug 21 16:41:48 PDT 2001,3.89,258.00
NCARF,NCAR Foothills Lab                    NCAR,Tue Aug 21 16:39:08 PDT 2001,1.61,303.00
NWTC,Rocky Flats Nat Wind Tech Ctr         NREL,Tue Aug 21 16:55:00 PDT 2001,4.47,306.00
NCARM,NCAR Table Mesa                       NCAR,Tue Aug 21 16:56:48 PDT 2001,3.08,294.00
NCARF,NCAR Foothills Lab                    NCAR,Tue Aug 21 16:54:09 PDT 2001,3.31,305.00
BLDF1,Belle Glade                            FAWN,Tue Aug 21 16:45:00 PDT 2001,3.64,173.10
PHAF1,Putnam Hall                            FAWN,Tue Aug 21 16:45:00 PDT 2001,1.58,94.10
TRAF1,Citra                                  FAWN,Tue Aug 21 16:45:00 PDT 2001,3.98,140.80
ALHF1,Alachua                                FAWN,Tue Aug 21 16:45:00 PDT 2001,0.98,311.80
STNF1,Hastings                               FAWN,Tue Aug 21 16:45:00 PDT 2001,2.26,166.30
CKHF1,Ocklawaha                              FAWN,Tue Aug 21 16:45:00 PDT 2001,0.97,93.70
EPRF1,Pierson                                FAWN,Tue Aug 21 16:30:00 PDT 2001,0.91,25.36
VRSF1,Tavares                                FAWN,Tue Aug 21 16:45:00 PDT 2001,0.97,171.50
UMLF1,Umatilla                               FAWN,Tue Aug 21 16:45:00 PDT 2001,0.74,303.70
KHPF1,Okahumpka                              FAWN,Tue Aug 21 16:45:00 PDT 2001,1.06,144.60
VLNF1,Avalon                                 FAWN,Tue Aug 21 16:45:00 PDT 2001,0.47,41.72
KSLF1,Brooksville                            FAWN,Tue Aug 21 16:45:00 PDT 2001,1.80,215.30
POPF1,Apopka                                 FAWN,Tue Aug 21 16:45:00 PDT 2001,2.62,147.20
KALF1,Lake Alfred                            FAWN,Tue Aug 21 16:45:00 PDT 2001,2.18,94.20
DOVF1,Dover                                  FAWN,Tue Aug 21 16:00:00 PDT 2001,0.48,294.40
DNTF1,Bradenton                              FAWN,Tue Aug 21 16:45:00 PDT 2001,2.55,102.80
NNAF1,Ona                                    FAWN,Tue Aug 21 16:00:00 PDT 2001,1.33,94.30
FDLF1,Fort Lauderdale                        FAWN,Tue Aug 21 16:45:00 PDT 2001,1.50,240.60
PCEF1,Fort Pierce                            FAWN,Tue Aug 21 16:45:00 PDT 2001,2.12,50.83
STDF1,Homestead                              FAWN,Tue Aug 21 16:45:00 PDT 2001,0.75,84.10
IMKF1,Immokalee                              FAWN,Tue Aug 21 16:45:00 PDT 2001,3.26,133.00
F1274,BROADVIEW,Tue Aug 21 16:44:00 PDT 2001,1.34,280.00
F1291,GRANITE,Tue Aug 21 16:44:00 PDT 2001,3.13,270.00
F1295,HELMUT MTN.,Tue Aug 21 16:41:00 PDT 2001,6.26,60.00
F1296,HODZANA,Tue Aug 21 16:42:00 PDT 2001,2.24,60.00
F1297,HOGATZA RIVER,Tue Aug 21 16:39:00 PDT 2001,0.00,70.00
F1304,KAIYUH,Tue Aug 21 16:46:00 PDT 2001,2.68,340.00
F1306,KANUTI NWR,Tue Aug 21 16:46:00 PDT 2001,3.58,250.00
F1310,KENAI LAKE,Tue Aug 21 16:44:00 PDT 2001,1.34,300.00
F1311,KENAI NWR,Tue Aug 21 16:47:00 PDT 2001,3.13,350.00
F1314,KILBUCK,Tue Aug 21 16:47:00 PDT 2001,5.81,310.00
F1330,POORMAN,Tue Aug 21 16:40:00 PDT 2001,0.45,290.00
F1333,QUARTZ CREEK,Tue Aug 21 16:41:00 PDT 2001,6.71,260.00
QCKA3,CROWN KING,Tue Aug 21 16:54:00 PDT 2001,3.58,230.00
QDLA3,DRY LAKE,Tue Aug 21 16:36:00 PDT 2001,1.79,40.00
QDPA3,DRY PARK,Tue Aug 21 16:32:00 PDT 2001,0.00,180.00
QFSA3,FOUR SPRINGS,Tue Aug 21 16:40:00 PDT 2001,2.24,220.00
QLCA3,LIMESTONE CANYON,Tue Aug 21 16:36:00 PDT 2001,4.02,160.00
QOCA3,OAK CREEK,Tue Aug 21 16:53:00 PDT 2001,1.79,200.00
QPPA3,PARIA POINT,Tue Aug 21 16:40:00 PDT 2001,4.92,220.00
QHVA3,RINCON,Tue Aug 21 16:57:00 PDT 2001,1.79,220.00
QSBA3,SASABE,Tue Aug 21 16:33:00 PDT 2001,3.58,20.00
QHQA3,SMITH PEAK,Tue Aug 21 16:31:00 PDT 2001,4.02,270.00
F1373,83 MONUMENT,Tue Aug 21 16:56:00 PDT 2001,1.79,240.00
ATNC1,ACTON,Tue Aug 21 16:32:00 PDT 2001,4.02,280.00
ALDC1,ALDER POINT,Tue Aug 21 16:48:00 PDT 2001,1.34,230.00
ECKC1,ALDER SPRINGS,Tue Aug 21 16:42:00 PDT 2001,2.24,130.00
ANEC1,ALPINE,Tue Aug 21 16:53:00 PDT 2001,0.00,210.00
MCCC1,ASH CREEK,Tue Aug 21 16:44:00 PDT 2001,2.24,210.00
TR084,BACKBONE,Tue Aug 21 16:47:00 PDT 2001,1.34,190.00
BNGC1,BANGOR,Tue Aug 21 16:53:00 PDT 2001,3.13,180.00
BENC1,BEN BOLT,Tue Aug 21 16:59:00 PDT 2001,2.24,210.00
BVRC1,BEVERLY HILLS,Tue Aug 21 16:39:00 PDT 2001,4.02,180.00
BGBC1,BIG BAR,Tue Aug 21 16:47:00 PDT 2001,3.13,280.00
PIBC1,BLACK DIAMOND,Tue Aug 21 16:34:00 PDT 2001,10.28,280.00
BKRC1,BLACKROCK,Tue Aug 21 16:34:00 PDT 2001,4.47,250.00
BDOC1,BLUE DOOR,Tue Aug 21 16:32:00 PDT 2001,3.13,340.00
BUGC1,BLUE RIDGE (KNF),Tue Aug 21 16:47:00 PDT 2001,4.92,160.00
BNVC1,BOONVILLE,Tue Aug 21 16:56:00 PDT 2001,5.81,130.00
BZRC1,BRAZIE RANCH,Tue Aug 21 16:45:00 PDT 2001,3.58,80.00
BKSC1,BROOKS,Tue Aug 21 16:58:00 PDT 2001,4.47,130.00
BCNC1,BURNS CANYON,Tue Aug 21 16:56:00 PDT 2001,3.58,40.00
PEAC1,CALAVERAS ROAD,Tue Aug 21 16:39:00 PDT 2001,9.39,240.00
CLNC1,CALLAHAN,Tue Aug 21 16:46:00 PDT 2001,0.00,280.00
CNIC1,CAMP 9,Tue Aug 21 16:37:00 PDT 2001,6.71,160.00
CNYC1,CANBY,Tue Aug 21 16:32:00 PDT 2001,2.68,270.00
TR094,CARPENTER RIDGE,Tue Aug 21 16:52:00 PDT 2001,0.89,130.00
CSPC1,CASE SPRINGS,Tue Aug 21 16:45:00 PDT 2001,3.13,200.00
TMPA7,CEDAR GROVE,Tue Aug 21 16:57:00 PDT 2001,2.68,350.00
CEEC1,CHEESEBORO,Tue Aug 21 16:59:00 PDT 2001,5.81,260.00
CICC1,CHICO,Tue Aug 21 16:53:00 PDT 2001,3.58,160.00
CHOC1,CHILAO,Tue Aug 21 16:35:00 PDT 2001,3.58,240.00
CMOC1,CLAREMONT,Tue Aug 21 16:40:00 PDT 2001,4.02,210.00
CTGC1,CMP TARGET RANGE,Tue Aug 21 16:41:00 PDT 2001,4.92,180.00
CSTC1,COHASSET,Tue Aug 21 16:52:00 PDT 2001,3.58,180.00
BLDC1,COLLINS BALDY,Tue Aug 21 16:44:00 PDT 2001,5.81,290.00
CRGC1,CORNING,Tue Aug 21 16:51:00 PDT 2001,4.02,170.00
CNAC1,CORONA,Tue Aug 21 16:53:00 PDT 2001,2.24,280.00
WISC1,COUNTY LINE,Tue Aug 21 16:48:00 PDT 2001,3.58,250.00
TR247,COVINGTON,Tue Aug 21 16:53:00 PDT 2001,4.47,210.00
CRZC1,CRAZY PEAK,Tue Aug 21 16:49:00 PDT 2001,2.68,280.00
CRVC1,CRESTVIEW,Tue Aug 21 16:43:00 PDT 2001,4.47,40.00
DLVC1,DEL VALLE,Tue Aug 21 16:41:00 PDT 2001,4.02,240.00
DENC1,DESCANSO,Tue Aug 21 16:33:00 PDT 2001,3.13,220.00
ATSC1,DEVILS GARDEN,Tue Aug 21 16:46:00 PDT 2001,3.58,220.00
DPPC1,DEVILS POST PILE,Tue Aug 21 16:46:00 PDT 2001,0.89,300.00
DOGC1,DOG VALLEY,Tue Aug 21 16:47:00 PDT 2001,0.45,240.00
DRSC1,DORRIS RANCH,Tue Aug 21 16:54:00 PDT 2001,1.79,200.00
DYLC1,DOYLE,Tue Aug 21 16:42:00 PDT 2001,2.24,340.00
EELC1,EEL RIVER (MNF),Tue Aug 21 16:42:00 PDT 2001,1.79,230.00
TR354,EEL RIVER CAMP,Tue Aug 21 16:48:00 PDT 2001,2.68,320.00
TR130,FORT HUNTER LIGGET-,Tue Aug 21 16:50:00 PDT 2001,3.58,80.00
HYFC1,FRIEND MTN.,Tue Aug 21 16:47:00 PDT 2001,0.89,290.00
GQEC1,GASQUET,Tue Aug 21 16:53:00 PDT 2001,1.34,180.00
GOSC1,GOOSE VALLEY,Tue Aug 21 16:58:00 PDT 2001,3.58,280.00
GNTC1,GRANITE MOUNTAIN,Tue Aug 21 16:34:00 PDT 2001,8.05,280.00
GRSC1,GRASSHOPPER,Tue Aug 21 16:47:00 PDT 2001,1.79,290.00
HWKC1,HAWKEYE,Tue Aug 21 16:57:00 PDT 2001,3.58,250.00
TMPB6,HAYFORK,Tue Aug 21 16:33:00 PDT 2001,2.68,290.00
HGLC1,HIGH GLADE LOOKOUT,Tue Aug 21 16:43:00 PDT 2001,6.26,190.00
TR352,HIGH SIERRA,Tue Aug 21 16:50:00 PDT 2001,2.68,360.00
TMPB7,HOOPAH,Tue Aug 21 16:59:00 PDT 2001,5.36,330.00
HLKC1,HORSE LAKE,Tue Aug 21 16:54:00 PDT 2001,2.68,170.00
JWBC1,JAWBONE,Tue Aug 21 16:53:00 PDT 2001,9.83,290.00
JSNC1,JOHNSONDALE,Tue Aug 21 16:34:00 PDT 2001,2.68,240.00
JTAC1,JUANITA LAKE,Tue Aug 21 16:45:00 PDT 2001,3.58,220.00
KRNC1,KERNVILLE,Tue Aug 21 16:34:00 PDT 2001,1.79,290.00
KELC1,KONOCTI,Tue Aug 21 16:57:00 PDT 2001,4.92,290.00
LDRC1,LADDER BUTTE,Tue Aug 21 16:31:00 PDT 2001,4.02,280.00
LTRC1,LAS TRAMPAS,Tue Aug 21 16:35:00 PDT 2001,8.49,210.00
LSNC1,LASSEN LODGE,Tue Aug 21 16:50:00 PDT 2001,1.34,200.00
TR355,LAYTONVILLE,Tue Aug 21 16:56:00 PDT 2001,1.34,260.00
LCBC1,LEO CARRILLO,Tue Aug 21 16:42:00 PDT 2001,4.47,250.00
LICC1,LINCOLN,Tue Aug 21 16:55:00 PDT 2001,1.79,190.00
LOAC1,LOS ALTOS,Tue Aug 21 16:40:00 PDT 2001,2.68,300.00
TR157,LSF LAS FLORES,Tue Aug 21 16:40:00 PDT 2001,2.68,240.00
MBUC1,MALIBU HILLS,Tue Aug 21 16:36:00 PDT 2001,0.89,280.00
MPCC1,MAPLE CREEK,Tue Aug 21 16:48:00 PDT 2001,0.89,320.00
TMPC6,MCGUIRES,Tue Aug 21 16:55:00 PDT 2001,3.13,130.00
TMP82,MEANS LAKE,Tue Aug 21 16:48:00 PDT 2001,7.60,310.00
TMPC7,MENDOCINO PASS,Tue Aug 21 16:42:00 PDT 2001,5.81,270.00
MLCC1,MILL CREEK (ANF),Tue Aug 21 16:35:00 PDT 2001,5.81,210.00
MTZC1,MOUNT ZION,Tue Aug 21 16:59:00 PDT 2001,0.89,280.00
TR026,MT. SHASTA 2,Tue Aug 21 16:38:00 PDT 2001,2.68,130.00
NOFC1,NORTH FORK,Tue Aug 21 16:32:00 PDT 2001,1.79,80.00
IDPC1,OAK CREEK,Tue Aug 21 16:47:00 PDT 2001,1.79,180.00
OKNC1,OAK KNOLL,Tue Aug 21 16:45:00 PDT 2001,2.68,40.00
OORC1,OAK OPENING,Tue Aug 21 16:59:00 PDT 2001,1.79,250.00
ONOC1,OAKLAND NORTH,Tue Aug 21 16:33:00 PDT 2001,5.36,180.00
OKSC1,OAKLAND SOUTH,Tue Aug 21 16:33:00 PDT 2001,5.81,220.00
OPLC1,OPAL MOUNTAIN,Tue Aug 21 16:58:00 PDT 2001,9.39,250.00
PRGC1,PARK RIDGE,Tue Aug 21 16:55:00 PDT 2001,0.89,260.00
PMCC1,PATTYMOCUS,Tue Aug 21 16:46:00 PDT 2001,2.24,100.00
PLTC1,PILOT HILL,Tue Aug 21 16:58:00 PDT 2001,2.68,170.00
PHRC1,PINEHURST,Tue Aug 21 16:45:00 PDT 2001,1.34,230.00
PPPC1,POPPY PARK,Tue Aug 21 16:38:00 PDT 2001,8.94,280.00
PUGC1,PULGAS,Tue Aug 21 16:38:00 PDT 2001,9.83,280.00
QTZC1,QUARTZ HILL,Tue Aug 21 16:44:00 PDT 2001,4.02,260.00
TR181,R5 #2 - PORTABLE,Tue Aug 21 16:33:00 PDT 2001,2.68,290.00
MKGC1,RATTLESNAKE,Tue Aug 21 16:55:00 PDT 2001,3.58,160.00
TR183,REDDING AIRPORT,Tue Aug 21 16:49:00 PDT 2001,4.92,140.00
TR184,REDDING AIRPORT POR,Tue Aug 21 16:37:00 PDT 2001,4.47,120.00
TMPD6,RODEO VALLEY,Tue Aug 21 16:55:00 PDT 2001,2.24,190.00
RSPC1,ROSE PEAK,Tue Aug 21 16:35:00 PDT 2001,3.58,170.00
RNDC1,ROUND MOUNTAIN,Tue Aug 21 16:46:00 PDT 2001,3.58,230.00
TR186,SAC NWR,Tue Aug 21 16:41:00 PDT 2001,3.13,150.00
SDLC1,SADDLEBACK BUTTE,Tue Aug 21 16:40:00 PDT 2001,6.26,260.00
SRTC1,SANTA RITA,Tue Aug 21 16:43:00 PDT 2001,2.24,320.00
RSAC1,SANTA ROSA,Tue Aug 21 16:57:00 PDT 2001,5.81,10.00
SAUC1,SAUGUS,Tue Aug 21 16:36:00 PDT 2001,6.26,170.00
SWBC1,SAWYERS BAR,Tue Aug 21 16:46:00 PDT 2001,4.47,260.00
CFCC1,SCORPION,Tue Aug 21 16:48:00 PDT 2001,2.24,180.00
SETC1,SECRET TOWN,Tue Aug 21 16:54:00 PDT 2001,1.79,60.00
SMSC1,SIMS,Tue Aug 21 16:48:00 PDT 2001,1.79,30.00
ATRC1,SLATER BUTTE,Tue Aug 21 16:44:00 PDT 2001,0.89,100.00
SOAC1,SODA CREEK,Tue Aug 21 16:43:00 PDT 2001,2.68,90.00
SDRC1,SOLDIER MTN,Tue Aug 21 16:49:00 PDT 2001,8.05,260.00
SMBC1,SOMES BAR,Tue Aug 21 16:44:00 PDT 2001,3.58,140.00
SQSC1,SQUAW SPRINGS,Tue Aug 21 16:37:00 PDT 2001,8.49,270.00
TMPE0,STONYFORD,Tue Aug 21 16:43:00 PDT 2001,0.00,10.00
HUMC1,SUGARLOAF,Tue Aug 21 16:56:00 PDT 2001,0.89,30.00
SLFC1,SUGARLOAF (SHF),Tue Aug 21 16:48:00 PDT 2001,4.92,40.00
TANC1,TANBARK,Tue Aug 21 16:35:00 PDT 2001,3.58,220.00
TCKC1,THOMES CREEK,Tue Aug 21 16:51:00 PDT 2001,3.58,280.00
TMPE3,UHL,Tue Aug 21 16:59:00 PDT 2001,3.13,200.00
VABC1,VAN BREMMER,Tue Aug 21 16:45:00 PDT 2001,3.13,230.00
WALC1,WALKER,Tue Aug 21 16:47:00 PDT 2001,3.58,300.00
ONYC1,WALKER PASS,Tue Aug 21 16:56:00 PDT 2001,1.79,300.00
WMSC1,WARM SPRINGS,Tue Aug 21 16:35:00 PDT 2001,1.79,220.00
TMPE4,WEAVERVILLE,Tue Aug 21 16:47:00 PDT 2001,2.24,280.00
WEEC1,WEED AIRPORT,Tue Aug 21 16:45:00 PDT 2001,1.34,280.00
WWDC1,WESTWOOD,Tue Aug 21 16:47:00 PDT 2001,4.02,230.00
WITC1,WHITMORE,Tue Aug 21 16:49:00 PDT 2001,1.79,230.00
WTHC1,WHITTIER HILLS,Tue Aug 21 16:42:00 PDT 2001,4.02,210.00
WVTC1,WOLVERTON,Tue Aug 21 16:56:00 PDT 2001,2.24,240.00
TOMC1,YOLLA BOLLA,Tue Aug 21 16:46:00 PDT 2001,0.45,270.00
BAWC2,BAILEY,Tue Aug 21 16:52:00 PDT 2001,0.00,70.00
BHRC2,BIG HORN,Tue Aug 21 16:54:00 PDT 2001,5.36,250.00
BLPC2,BLUE PARK,Tue Aug 21 16:55:00 PDT 2001,3.58,170.00
TR203,BOULDER,Tue Aug 21 16:55:00 PDT 2001,0.89,240.00
CHRC2,CHEESEMAN,Tue Aug 21 16:53:00 PDT 2001,2.24,30.00
CEKC2,CORRAL CREEK,Tue Aug 21 16:59:00 PDT 2001,0.00,250.00
CUHC2,CUCHARA,Tue Aug 21 16:54:00 PDT 2001,0.00,170.00
DHOC2,DEAD HORSE,Tue Aug 21 16:58:00 PDT 2001,0.89,270.00
DMMC2,DEMAREE,Tue Aug 21 16:52:00 PDT 2001,2.68,220.00
DYKC2,DEVIL MTN.,Tue Aug 21 16:56:00 PDT 2001,1.79,210.00
DJTC2,DOWD JUNCTION,Tue Aug 21 16:58:00 PDT 2001,2.68,250.00
DRYC2,DRY LAKE,Tue Aug 21 16:55:00 PDT 2001,1.34,170.00
ESPC2,ESTES PARK,Tue Aug 21 16:55:00 PDT 2001,2.68,240.00
FCRC2,FT. CARSON,Tue Aug 21 16:54:00 PDT 2001,3.13,10.00
LKGC2,LAKE GEORGE,Tue Aug 21 16:53:00 PDT 2001,1.34,110.00
LDRC2,LITTLE DELORES,Tue Aug 21 16:52:00 PDT 2001,1.79,230.00
NPSC2,LUJAN,Tue Aug 21 16:50:00 PDT 2001,2.24,340.00
MPRC2,MCCLURE PASS,Tue Aug 21 16:58:00 PDT 2001,0.89,280.00
PKLC2,PICKLE GULCH,Tue Aug 21 16:59:00 PDT 2001,2.24,120.00
PNRC2,PINE RIDGE,Tue Aug 21 16:36:00 PDT 2001,2.24,330.00
CCEC2,PINION CANYON,Tue Aug 21 16:54:00 PDT 2001,3.58,300.00
PCPC2,PORCUPINE CR.,Tue Aug 21 16:56:00 PDT 2001,0.45,240.00
TR206,PSF1 - PORTABLE - S,Tue Aug 21 16:46:00 PDT 2001,1.34,20.00
TR208,PSF3 - PORTABLE - F,Tue Aug 21 16:46:00 PDT 2001,2.68,220.00
RDKC2,RED DEER,Tue Aug 21 16:53:00 PDT 2001,0.89,280.00
RFRC2,REDFEATHER,Tue Aug 21 16:55:00 PDT 2001,2.68,280.00
SAWC2,SALTER,Tue Aug 21 16:56:00 PDT 2001,2.24,230.00
SDVC2,SAN DOVAL,Tue Aug 21 16:53:00 PDT 2001,1.79,300.00
SPKC2,SANBORN PARK,Tue Aug 21 16:57:00 PDT 2001,1.79,300.00
SODC2,SODA CREEK,Tue Aug 21 16:58:00 PDT 2001,3.13,290.00
TAPC2,TAYLOR PARK,Tue Aug 21 16:50:00 PDT 2001,3.13,220.00
WLCC2,WILLIS CREEK,Tue Aug 21 16:52:00 PDT 2001,0.89,140.00
WICC2,WILLOW CREEK,Tue Aug 21 16:55:00 PDT 2001,2.68,180.00
F1467,MILES CITY RAWS,Tue Aug 21 16:35:00 PDT 2001,4.02,160.00
F1469,RACCOON POINT RAWS,Tue Aug 21 16:36:00 PDT 2001,0.00,340.00
F1472,KAHUKU TRAINING ARE,Tue Aug 21 16:59:00 PDT 2001,8.94,100.00
F1476,MAKUA PORTABLE,Tue Aug 21 16:58:00 PDT 2001,1.79,80.00
F1477,MAKUA RANGE,Tue Aug 21 16:58:00 PDT 2001,3.58,60.00
F1478,MAKUA RIDGE,Tue Aug 21 16:58:00 PDT 2001,2.68,140.00
F1479,PALI2,Tue Aug 21 16:48:00 PDT 2001,8.05,30.00
F1480,PTA EAST,Tue Aug 21 16:59:00 PDT 2001,4.02,90.00
F1481,PTA KIPUKA ALALA,Tue Aug 21 16:55:00 PDT 2001,3.58,350.00
F1482,PTA PORTABLE,Tue Aug 21 16:57:00 PDT 2001,3.13,300.00
F1483,PTA WEST,Tue Aug 21 16:56:00 PDT 2001,7.60,330.00
F1484,SCHOFIELD BARRACKS,Tue Aug 21 16:57:00 PDT 2001,3.58,90.00
F1485,SCHOFIELD EAST,Tue Aug 21 16:58:00 PDT 2001,4.02,70.00
F1486,SCHOFIELD PORTABLE,Tue Aug 21 16:59:00 PDT 2001,1.79,60.00
ACRI1,ARCO,Tue Aug 21 16:34:00 PDT 2001,4.02,200.00
BULI1,BULL SPRING,Tue Aug 21 16:59:00 PDT 2001,2.24,10.00
TR236,FRWS-8,Tue Aug 21 16:34:00 PDT 2001,3.58,300.00
GRAI1,GRACE,Tue Aug 21 16:35:00 PDT 2001,2.68,120.00
IPFI1,ISLAND PARK,Tue Aug 21 16:33:00 PDT 2001,2.24,280.00
MYFI1,MOODY,Tue Aug 21 16:43:00 PDT 2001,0.00,20.00
MKBI1,MULKEY BAR,Tue Aug 21 16:33:00 PDT 2001,4.47,80.00
OHOI1,OHIO GULCH,Tue Aug 21 16:35:00 PDT 2001,7.60,200.00
PCNI1,POLE CANYON,Tue Aug 21 16:49:00 PDT 2001,3.58,180.00
PBUI1,POTTER BUTTE,Tue Aug 21 16:47:00 PDT 2001,8.94,190.00
RFTI1,RAFT RIVER,Tue Aug 21 16:35:00 PDT 2001,4.92,270.00
RDKI1,ROAD CREEK,Tue Aug 21 16:43:00 PDT 2001,2.24,170.00
ROCI1,ROCK LAKE,Tue Aug 21 16:58:00 PDT 2001,5.81,160.00
SMYI1,SALMON,Tue Aug 21 16:52:00 PDT 2001,3.13,40.00
TR368,SALMON/CHALLIS PORT,Tue Aug 21 16:52:00 PDT 2001,1.34,250.00
TR259,TESS  - PORTABLE,Tue Aug 21 16:38:00 PDT 2001,0.00,40.00
TRII1,TRIANGLE,Tue Aug 21 16:32:00 PDT 2001,4.47,20.00
TWBI1,TWIN BUTTES,Tue Aug 21 16:40:00 PDT 2001,1.79,40.00
F1672,MOOSEHORN - FTS,Tue Aug 21 16:32:00 PDT 2001,0.89,150.00
LMRM8,ANTELOPE,Tue Aug 21 16:59:00 PDT 2001,4.92,140.00
LCFM8,BIG SHEEP MOUNTAIN,Tue Aug 21 16:44:00 PDT 2001,6.71,350.00
BLUM8,BLUFF CREEK,Tue Aug 21 16:51:00 PDT 2001,6.71,230.00
BSHM8,BRADSHAW CREEK,Tue Aug 21 16:31:00 PDT 2001,0.89,250.00
CACM8,CANNONBALL CREEK,Tue Aug 21 16:54:00 PDT 2001,1.34,140.00
TR268,CONDON WORK CENTER,Tue Aug 21 16:01:00 PDT 2001,4.02,320.00
DBCM8,DRY BLOOD CREEK,Tue Aug 21 16:45:00 PDT 2001,1.79,50.00
TR369,GALLATIN PORTABLE,Tue Aug 21 16:50:00 PDT 2001,1.34,200.00
HRWM8,HELENA,Tue Aug 21 16:32:00 PDT 2001,2.24,320.00
KIGM8,KING COULEE,Tue Aug 21 16:51:00 PDT 2001,3.58,290.00
LBHM8,LITTLE BIGHORN,Tue Aug 21 16:55:00 PDT 2001,2.24,330.00
LBCM8,LITTLE BULLWHACKER,Tue Aug 21 16:45:00 PDT 2001,1.79,290.00
LSNM8,LITTLE SNOWY,Tue Aug 21 16:35:00 PDT 2001,2.68,90.00
MCDM8,MANNING CORRAL DOGT,Tue Aug 21 16:45:00 PDT 2001,5.36,300.00
PNHM8,PINE HILL,Tue Aug 21 16:41:00 PDT 2001,1.79,100.00
SBFM8,SOUTH BRIDGER,Tue Aug 21 16:36:00 PDT 2001,2.24,320.00
STVM8,STEVI,Tue Aug 21 16:42:00 PDT 2001,2.24,360.00
STKM8,STINKWATER CREEK,Tue Aug 21 16:56:00 PDT 2001,2.24,310.00
TR300,WEST GLACIER,Tue Aug 21 16:47:00 PDT 2001,1.34,250.00
ALDM8,ZORTMAN MINE,Tue Aug 21 16:44:00 PDT 2001,1.34,40.00
F1563,NATURE CONSERVANCY,Tue Aug 21 16:58:00 PDT 2001,0.00,20.00
F1565,WHITEVILLE,Tue Aug 21 16:00:00 PDT 2001,0.89,360.00
F1573,BESSEY,Tue Aug 21 16:52:00 PDT 2001,1.34,300.00
F1577,KINGS CANYON,Tue Aug 21 16:52:00 PDT 2001,2.24,120.00
BATN5,BATDRAW,Tue Aug 21 16:45:00 PDT 2001,2.24,210.00
GJCN5,GUAJE ALERT #6,Tue Aug 21 16:35:00 PDT 2001,0.00,90.00
TMPF9,MESCAL,Tue Aug 21 16:49:00 PDT 2001,3.13,300.00
PJRN5,PAJARITO ALERT #3,Tue Aug 21 16:32:00 PDT 2001,0.00,20.00
TR313,QUEMAZON CANY #1,Tue Aug 21 16:33:00 PDT 2001,0.00,270.00
TR315,TAOS,Tue Aug 21 16:48:00 PDT 2001,4.02,240.00
WTRN5,WATER CANY ALERT #2,Tue Aug 21 16:32:00 PDT 2001,0.00,320.00
ALRN2,ANTELOPE LAKE,Tue Aug 21 16:54:00 PDT 2001,5.36,270.00
ARGN2,ARGENTA,Tue Aug 21 16:00:00 PDT 2001,1.79,280.00
BRLN2,BARREL SPRINGS,Tue Aug 21 16:57:00 PDT 2001,4.47,280.00
CATN2,CATNIP MOUNTAIN,Tue Aug 21 16:44:00 PDT 2001,3.13,310.00
CTLN2,CATTLE CAMP,Tue Aug 21 16:59:00 PDT 2001,4.47,220.00
COIN2,COILS CREEK,Tue Aug 21 16:36:00 PDT 2001,4.02,280.00
CCRN2,CURRANT CREEK,Tue Aug 21 16:49:00 PDT 2001,2.68,260.00
GDNN2,ELY,Tue Aug 21 16:39:00 PDT 2001,5.36,100.00
FOXN2,FOX MOUNTAIN,Tue Aug 21 16:48:00 PDT 2001,2.68,260.00
JSPN2,JUNIPER SPRINGS,Tue Aug 21 16:52:00 PDT 2001,3.58,140.00
RBTN2,RED BUTTE,Tue Aug 21 16:45:00 PDT 2001,3.58,290.00
SPGN2,SPRING GULCH,Tue Aug 21 16:42:00 PDT 2001,0.89,250.00
TEXN2,TEXAS SPRINGS,Tue Aug 21 16:33:00 PDT 2001,3.58,160.00
AGFO3,AGNESS,Tue Aug 21 16:46:00 PDT 2001,3.13,320.00
BKFO3,BALD KNOB LOOKOUT,Tue Aug 21 16:47:00 PDT 2001,2.24,180.00
BAFO3,BALD MTN,Tue Aug 21 16:37:00 PDT 2001,4.92,250.00
OKFO3,BLACK ROCK,Tue Aug 21 16:01:00 PDT 2001,2.68,230.00
BYFO3,BLUE CANYON,Tue Aug 21 16:36:00 PDT 2001,3.58,20.00
BRUO3,BRUSH CREEK (EUGENE,Tue Aug 21 16:40:00 PDT 2001,3.58,210.00
CAFO3,CABIN LAKE,Tue Aug 21 16:50:00 PDT 2001,2.24,250.00
PTFO3,COFFEE POT FLAT,Tue Aug 21 16:37:00 PDT 2001,1.34,140.00
EMFO3,EMIGRANT,Tue Aug 21 16:39:00 PDT 2001,5.36,290.00
FEFO3,FIELDS,Tue Aug 21 16:36:00 PDT 2001,1.34,200.00
FKFO3,FORT ROCK,Tue Aug 21 16:37:00 PDT 2001,4.92,260.00
FLFO3,FOSTER FLAT,Tue Aug 21 16:46:00 PDT 2001,3.13,200.00
GDFO3,GRANDAD,Tue Aug 21 16:50:00 PDT 2001,2.24,250.00
HBFO3,HAWLEY BUTTE,Tue Aug 21 16:39:00 PDT 2001,0.00,310.00
LOFO3,HIGH POINT,Tue Aug 21 16:38:00 PDT 2001,0.00,240.00
HSFO3,HORSE CREEK,Tue Aug 21 16:39:00 PDT 2001,1.34,180.00
TR356,MIKEY,Tue Aug 21 16:35:00 PDT 2001,2.24,220.00
TR328,MINAM LODGE-PORTABL,Tue Aug 21 16:36:00 PDT 2001,2.24,10.00
OOFO3,MOON HILL,Tue Aug 21 16:46:00 PDT 2001,2.24,270.00
MGFO3,MORGAN MOUNTAIN,Tue Aug 21 16:55:00 PDT 2001,2.24,270.00
MSFO3,MOUNT STELLA,Tue Aug 21 16:51:00 PDT 2001,0.89,240.00
YNFO3,MT. YONCALLA,Tue Aug 21 16:37:00 PDT 2001,2.68,230.00
NPFO3,NORTH POLE RIDGE,Tue Aug 21 16:38:00 PDT 2001,5.36,330.00
OMFO3,ONION MOUNTAIN LOOK,Tue Aug 21 16:49:00 PDT 2001,4.47,230.00
OWFO3,OWYHEE RIDGE,Tue Aug 21 16:39:00 PDT 2001,3.13,290.00
ARFO3,PARKER MOUNTAIN,Tue Aug 21 16:47:00 PDT 2001,2.68,280.00
PAFO3,PATJENS,Tue Aug 21 16:50:00 PDT 2001,3.58,350.00
PEFO3,PEBBLE,Tue Aug 21 16:38:00 PDT 2001,2.24,240.00
PYFO3,POLLYWOG,Tue Aug 21 16:31:00 PDT 2001,1.79,210.00
PWFO3,POWERS R.S.,Tue Aug 21 16:47:00 PDT 2001,1.34,180.00
QPFO3,QUAIL PRAIRIE LOOKO,Tue Aug 21 16:48:00 PDT 2001,0.00,190.00
RLFO3,RIDDLE MTN.,Tue Aug 21 16:57:00 PDT 2001,3.13,220.00
RCRO3,ROCK CREEK,Tue Aug 21 16:44:00 PDT 2001,4.02,270.00
RNFO3,ROUND MOUNTAIN,Tue Aug 21 16:32:00 PDT 2001,3.13,290.00
BDFO3,RYE MOUNTAIN,Tue Aug 21 16:38:00 PDT 2001,0.00,300.00
SLTO3,SALT CREEK-PRINVILL,Tue Aug 21 16:44:00 PDT 2001,5.81,260.00
SVFO3,SILVER BUTTE,Tue Aug 21 16:40:00 PDT 2001,1.79,260.00
SGFO3,SUGARLOAF,Tue Aug 21 16:34:00 PDT 2001,1.79,250.00
TOFO3,TOKETEE,Tue Aug 21 16:32:00 PDT 2001,0.89,340.00
TCFO3,TROUT CREEK,Tue Aug 21 16:39:00 PDT 2001,0.45,280.00
TUFO3,TUPPER,Tue Aug 21 16:00:00 PDT 2001,1.34,330.00
VCFO3,VILLAGE CREEK,Tue Aug 21 16:38:00 PDT 2001,0.45,200.00
WTFO3,WAGONTIRE,Tue Aug 21 16:47:00 PDT 2001,7.15,240.00
WKFO3,WILKINSON RIDGE,Tue Aug 21 16:39:00 PDT 2001,3.13,220.00
YEFO3,YELLOWSTONE MTN.,Tue Aug 21 16:38:00 PDT 2001,2.24,210.00
F1602,CAMP CROOK,Tue Aug 21 16:55:00 PDT 2001,1.79,70.00
F1603,CUSTER,Tue Aug 21 16:42:00 PDT 2001,0.45,20.00
F1605,NEMO,Tue Aug 21 16:49:00 PDT 2001,0.45,40.00
F1607,RED CANYON,Tue Aug 21 16:50:00 PDT 2001,3.13,20.00
F1608,BIG SOUTH,Tue Aug 21 16:52:00 PDT 2001,0.00,290.00
F1609,COKER CREEK ON GOES,Tue Aug 21 16:44:00 PDT 2001,0.45,70.00
F1613,BELCONES,Tue Aug 21 16:49:00 PDT 2001,2.24,170.00
TR249,BEAVER DAM,Tue Aug 21 16:52:00 PDT 2001,4.02,200.00
BSTU1,BRIMSTONE RESERVOIR,Tue Aug 21 16:34:00 PDT 2001,8.05,170.00
BCRU1,BRYSON CANYON,Tue Aug 21 16:42:00 PDT 2001,3.13,180.00
JSPU1,JENSEN SPRING,Tue Aug 21 16:50:00 PDT 2001,5.36,340.00
KPRU1,KINGS POINT,Tue Aug 21 16:38:00 PDT 2001,12.96,300.00
LPRU1,LAVA POINT RAWS,Tue Aug 21 16:54:00 PDT 2001,0.00,360.00
NLPU1,NORTH LONG POINT,Tue Aug 21 16:39:00 PDT 2001,2.68,190.00
RVZU1,RAY'S VALLEY,Tue Aug 21 16:38:00 PDT 2001,2.68,320.00
TFRU1,TELEGRAPH FLAT,Tue Aug 21 16:35:00 PDT 2001,7.15,230.00
UPRU1,UPPER P.R. CANYON,Tue Aug 21 16:39:00 PDT 2001,0.00,260.00
USWU1,UPPER SAND WASH,Tue Aug 21 16:39:00 PDT 2001,2.24,10.00
WNTU1,WINTER RIDGE,Tue Aug 21 16:40:00 PDT 2001,1.34,190.00
SFLU1,YAMPA PLATEAU,Tue Aug 21 16:40:00 PDT 2001,1.79,290.00
ADFW1,ALDER RIDGE,Tue Aug 21 16:01:00 PDT 2001,3.58,330.00
BMFW1,BROWN MTN. ORCHARD,Tue Aug 21 16:55:00 PDT 2001,0.89,210.00
CMFW1,CAMP 4,Tue Aug 21 16:57:00 PDT 2001,1.34,140.00
CYFW1,CANYON CREEK,Tue Aug 21 16:39:00 PDT 2001,3.58,180.00
CEFW1,CEDAR FLATS,Tue Aug 21 16:38:00 PDT 2001,0.00,170.00
DMFW1,DEER MOUNTAIN,Tue Aug 21 16:59:00 PDT 2001,2.68,180.00
DOUW1,DOUGLAS,Tue Aug 21 16:41:00 PDT 2001,5.36,70.00
DIFW1,DOUGLAS INGRAM RIDG,Tue Aug 21 16:57:00 PDT 2001,4.02,180.00
MIDW1,MIDNITE 2,Tue Aug 21 16:37:00 PDT 2001,3.13,240.00
FIFW1,FINNEY CREEK,Tue Aug 21 16:43:00 PDT 2001,0.00,170.00
TLFW1,FIRE TRNG. ACADEMY,Tue Aug 21 16:49:00 PDT 2001,0.45,350.00
FBFW1,FIRST BUTTE,Tue Aug 21 16:57:00 PDT 2001,2.68,180.00
GHFW1,GOLD HILL,Tue Aug 21 16:48:00 PDT 2001,0.45,140.00
GMFW1,GOLD MOUNTAIN,Tue Aug 21 16:46:00 PDT 2001,1.79,190.00
HGFW1,HAGER CREEK,Tue Aug 21 16:37:00 PDT 2001,0.45,140.00
SKKW1,JOHNSON RIDGE,Tue Aug 21 16:49:00 PDT 2001,0.00,360.00
JUFW1,JUNIPER DUNES,Tue Aug 21 16:41:00 PDT 2001,4.92,210.00
KCFW1,KIDNEY CREEK,Tue Aug 21 16:49:00 PDT 2001,0.00,350.00
LCFW1,LANE CREEK,Tue Aug 21 16:54:00 PDT 2001,0.89,120.00
LEFW1,LEECHER,Tue Aug 21 16:54:00 PDT 2001,2.68,230.00
LSFW1,LESTER,Tue Aug 21 16:49:00 PDT 2001,0.89,270.00
LLFW1,LOST LAKE,Tue Aug 21 16:57:00 PDT 2001,1.79,160.00
NCSW1,NCSB,Tue Aug 21 16:57:00 PDT 2001,1.79,140.00
NEFW1,NESPELEM,Tue Aug 21 16:46:00 PDT 2001,4.47,200.00
OCFW1,ORR CREEK,Tue Aug 21 16:58:00 PDT 2001,1.79,340.00
OMFW1,OWL MOUNTAIN,Tue Aug 21 16:58:00 PDT 2001,2.24,140.00
PMFW1,PAL MOORE ORCHARD,Tue Aug 21 16:55:00 PDT 2001,2.24,230.00
PEOW1,PEONY,Tue Aug 21 16:46:00 PDT 2001,3.58,10.00
TCFW1,TACOMA CREEK,Tue Aug 21 16:56:00 PDT 2001,4.02,130.00
TMP90,TEEPEE SEED ORCHARD,Tue Aug 21 16:37:00 PDT 2001,2.24,120.00
TRFW1,TROUT CREEK,Tue Aug 21 16:40:00 PDT 2001,1.79,210.00
WPFW1,WASHINGTON PASS,Tue Aug 21 16:57:00 PDT 2001,3.13,360.00
ANDW4,ANDERSON RIDGE,Tue Aug 21 16:45:00 PDT 2001,8.49,290.00
BRLW4,BEAR LODGE,Tue Aug 21 16:50:00 PDT 2001,2.68,40.00
BUJW4,BURGESS,Tue Aug 21 16:49:00 PDT 2001,0.45,110.00
ERAW4,BURRO HILL,Tue Aug 21 16:40:00 PDT 2001,3.58,240.00
CMRW4,CASPER MOUNTAIN,Tue Aug 21 16:42:00 PDT 2001,1.79,280.00
COWW4,COW CREEK,Tue Aug 21 16:43:00 PDT 2001,4.02,180.00
CDAW4,CRANDALL,Tue Aug 21 16:57:00 PDT 2001,2.24,350.00
DODW4,DODGE CREEK,Tue Aug 21 16:45:00 PDT 2001,4.47,310.00
EGLW4,EAGLE,Tue Aug 21 16:56:00 PDT 2001,2.68,310.00
ECEW4,ECHETA,Tue Aug 21 16:42:00 PDT 2001,3.13,340.00
ELKW4,ELKHORN,Tue Aug 21 16:57:00 PDT 2001,4.92,220.00
ESTW4,ESTERBROOK,Tue Aug 21 16:51:00 PDT 2001,4.02,310.00
RSNW4,FALES ROCK,Tue Aug 21 16:45:00 PDT 2001,0.89,140.00
GCRW4,GRASS CREEK DIVIDE,Tue Aug 21 16:42:00 PDT 2001,2.24,180.00
HAFW4,HALF MOON,Tue Aug 21 16:39:00 PDT 2001,1.79,240.00
TR349,HECHTMAN,Tue Aug 21 16:34:00 PDT 2001,4.92,230.00
HOBW4,HOBACK,Tue Aug 21 16:40:00 PDT 2001,0.45,160.00
HHRW4,HYATT HIGH,Tue Aug 21 16:43:00 PDT 2001,3.58,270.00
MCRW4,MILL CREEK,Tue Aug 21 16:49:00 PDT 2001,2.68,230.00
MUDW4,MUDDY CREEK,Tue Aug 21 16:42:00 PDT 2001,4.92,120.00
PCRW4,POKER CREEK,Tue Aug 21 16:43:00 PDT 2001,3.58,310.00
RASW4,RASPBERRY,Tue Aug 21 16:40:00 PDT 2001,2.24,260.00
RHKW4,ROCHELLE HILLS,Tue Aug 21 16:51:00 PDT 2001,4.47,40.00
SAWW4,SAWMILL PARK,Tue Aug 21 16:51:00 PDT 2001,3.13,270.00
SPKW4,SCHOOL HOUSE,Tue Aug 21 16:49:00 PDT 2001,3.13,120.00
SHFW4,SHF2 - PORTABLE - F,Tue Aug 21 16:45:00 PDT 2001,2.24,320.00
BPYW4,SNIDER BASIN,Tue Aug 21 16:40:00 PDT 2001,1.79,230.00
SNOW4,SNOW SPRINGS CREEK,Tue Aug 21 16:44:00 PDT 2001,10.73,320.00
SPLW4,SPLIT ROCK CREEK,Tue Aug 21 16:43:00 PDT 2001,5.36,350.00
C1,Niwot Ridge C1                        NiwotRidge,Tue Aug 21 16:00:00 PDT 2001,3.46,299.00
F1271,BIG LAKE,Tue Aug 21 16:17:00 PDT 2001,1.79,10.00
F1277,CHATANIKA,Tue Aug 21 16:25:00 PDT 2001,4.02,320.00
F1280,CHITNA,Tue Aug 21 16:16:00 PDT 2001,0.89,140.00
F1284,FAIRBANKS,Tue Aug 21 16:29:00 PDT 2001,1.34,260.00
F1298,HOMER,Tue Aug 21 16:13:00 PDT 2001,0.45,210.00
F1300,HOONAH,Tue Aug 21 16:24:00 PDT 2001,1.34,150.00
F1303,JUNEAU RD,Tue Aug 21 16:16:00 PDT 2001,2.24,220.00
F1305,KAKE,Tue Aug 21 16:22:00 PDT 2001,2.24,250.00
F1665,MILE POST 1243,Tue Aug 21 16:12:00 PDT 2001,0.00,260.00
F1323,NENANA,Tue Aug 21 16:18:00 PDT 2001,1.34,290.00
F1325,NINILCHIK,Tue Aug 21 16:15:00 PDT 2001,1.34,220.00
F1334,RABBIT CREEK,Tue Aug 21 16:27:00 PDT 2001,1.34,240.00
F1348,STONEY RIVER,Tue Aug 21 16:29:00 PDT 2001,4.92,320.00
F1350,T LAKE,Tue Aug 21 16:28:00 PDT 2001,0.89,300.00
F1351,TELIDA,Tue Aug 21 16:30:00 PDT 2001,4.02,330.00
F1355,WEIN LAKE,Tue Aug 21 16:31:00 PDT 2001,2.68,340.00
F1356,WONDER LAKE,Tue Aug 21 16:22:00 PDT 2001,1.79,300.00
QPAA3,PAYSON,Tue Aug 21 16:15:00 PDT 2001,3.13,70.00
TR080,AMMO DUMP,Tue Aug 21 16:22:00 PDT 2001,5.81,220.00
BQNC1,BANNER QUEEN,Tue Aug 21 16:07:00 PDT 2001,6.71,210.00
TMPB2,FISH SLOUGH,Tue Aug 21 16:21:00 PDT 2001,1.34,20.00
HTRC1,HUNTER MOUNTAIN,Tue Aug 21 16:31:00 PDT 2001,2.68,150.00
TR173,OAK KNOLL - PORTABL,Tue Aug 21 16:21:00 PDT 2001,1.79,270.00
PIEC1,PIERCE,Tue Aug 21 16:07:00 PDT 2001,2.24,250.00
TR179,QUINCY PORTABLE,Tue Aug 21 16:26:00 PDT 2001,2.24,40.00
TR189,SCOTT RVR - PORTABL,Tue Aug 21 16:20:00 PDT 2001,1.79,290.00
TR198,TALEGA,Tue Aug 21 16:23:00 PDT 2001,3.13,160.00
F1470,TENRAW,Tue Aug 21 16:15:00 PDT 2001,2.68,90.00
F1698,BLACK LEAD MTN,Tue Aug 21 16:17:00 PDT 2001,4.02,310.00
TMPE8,CANYON CREEK,Tue Aug 21 16:30:00 PDT 2001,9.83,160.00
LUFI1,LUCKY PEAK,Tue Aug 21 16:31:00 PDT 2001,2.68,300.00
F1519,OKISSA,Tue Aug 21 16:06:00 PDT 2001,0.45,60.00
BRTM8,BRITTON SPRINGS,Tue Aug 21 16:14:00 PDT 2001,3.58,20.00
FBLM8,FORT BELKNAP,Tue Aug 21 16:26:00 PDT 2001,6.26,320.00
TR291,SPOTTED BEAR,Tue Aug 21 16:18:00 PDT 2001,6.26,170.00
TNDM8,TENDERFOOT,Tue Aug 21 16:19:00 PDT 2001,0.45,160.00
LVPN5,PECOS,Tue Aug 21 16:21:00 PDT 2001,2.68,250.00
FLSN2,FLAT SPRING,Tue Aug 21 16:03:00 PDT 2001,4.47,290.00
BGFO3,BADGER CREEK,Tue Aug 21 16:05:00 PDT 2001,6.26,240.00
BOFO3,BOULDER CREEK,Tue Aug 21 16:11:00 PDT 2001,2.24,260.00
IRFO3,BRIAR RABBIT,Tue Aug 21 16:06:00 PDT 2001,4.02,200.00
CNFO3,CANNIBAL MOUNTAIN,Tue Aug 21 16:12:00 PDT 2001,2.68,190.00
CEFO3,CASE,Tue Aug 21 16:02:00 PDT 2001,2.24,340.00
CDFO3,CEDAR,Tue Aug 21 16:13:00 PDT 2001,3.13,220.00
CSFO3,COLD SPRINGS,Tue Aug 21 16:03:00 PDT 2001,2.68,90.00
TR043,COVERDALE PORTABLE,Tue Aug 21 16:08:00 PDT 2001,0.89,130.00
RBFO3,DEAD INDIAN,Tue Aug 21 16:13:00 PDT 2001,1.34,110.00
DUNO3,DUNES,Tue Aug 21 16:14:00 PDT 2001,8.05,200.00
GPFO3,GOODWIN PEAK,Tue Aug 21 16:14:00 PDT 2001,0.89,200.00
HYFO3,HAYSTACK,Tue Aug 21 16:07:00 PDT 2001,3.13,350.00
SLFO3,SLIDE MOUNTAIN,Tue Aug 21 16:04:00 PDT 2001,2.68,240.00
SQFO3,SQUAW PEAK,Tue Aug 21 16:14:00 PDT 2001,2.24,350.00
SRFO3,STAR,Tue Aug 21 16:13:00 PDT 2001,1.79,340.00
BBFO3,ZIM,Tue Aug 21 16:03:00 PDT 2001,4.02,220.00
CGFW1,COUGAR MOUNTAIN,Tue Aug 21 16:05:00 PDT 2001,2.24,210.00
HUFW1,HUMPTULLIPS,Tue Aug 21 16:08:00 PDT 2001,3.58,110.00
JEFW1,JEFFERSON CREEK,Tue Aug 21 16:06:00 PDT 2001,0.45,40.00
KTLW1,KETTLE FALLS,Tue Aug 21 16:17:00 PDT 2001,1.79,40.00
MDRW1,MIDNITE MINE,Tue Aug 21 16:23:00 PDT 2001,2.68,130.00
TMP89,SPRING CANYON,Tue Aug 21 16:16:00 PDT 2001,3.58,210.00
TOFW1,TOMS CREEK,Tue Aug 21 16:10:00 PDT 2001,0.89,200.00
