CSUF,CSU Foothills Campus                  ColoState,Fri Sep 28 16:00:00 PDT 2001,3.62,148.00
CSUF,CSU Foothills Campus                  ColoState,Fri Sep 28 16:05:00 PDT 2001,3.84,149.00
BLDF1,Belle Glade                            FAWN,Fri Sep 28 16:00:00 PDT 2001,0.83,109.90
PHAF1,Putnam Hall                            FAWN,Fri Sep 28 16:00:00 PDT 2001,0.78,63.64
TRAF1,Citra                                  FAWN,Fri Sep 28 16:00:00 PDT 2001,2.26,49.20
ALHF1,Alachua                                FAWN,Fri Sep 28 16:00:00 PDT 2001,2.34,63.41
STNF1,Hastings                               FAWN,Fri Sep 28 16:00:00 PDT 2001,0.91,356.10
CKHF1,Ocklawaha                              FAWN,Fri Sep 28 16:00:00 PDT 2001,1.48,59.79
VRSF1,Tavares                                FAWN,Fri Sep 28 16:00:00 PDT 2001,2.80,56.58
UMLF1,Umatilla                               FAWN,Fri Sep 28 16:00:00 PDT 2001,2.56,45.24
KHPF1,Okahumpka                              FAWN,Fri Sep 28 16:00:00 PDT 2001,2.10,57.70
VLNF1,Avalon                                 FAWN,Fri Sep 28 16:00:00 PDT 2001,0.69,10.33
KSLF1,Brooksville                            FAWN,Fri Sep 28 16:00:00 PDT 2001,2.09,42.60
POPF1,Apopka                                 FAWN,Fri Sep 28 16:00:00 PDT 2001,2.52,56.11
KALF1,Lake Alfred                            FAWN,Fri Sep 28 16:00:00 PDT 2001,1.74,65.84
DNTF1,Bradenton                              FAWN,Fri Sep 28 16:00:00 PDT 2001,1.40,87.10
NNAF1,Ona                                    FAWN,Fri Sep 28 16:00:00 PDT 2001,1.53,131.60
FDLF1,Fort Lauderdale                        FAWN,Fri Sep 28 16:00:00 PDT 2001,0.50,78.60
PCEF1,Fort Pierce                            FAWN,Fri Sep 28 16:00:00 PDT 2001,2.14,186.60
STDF1,Homestead                              FAWN,Fri Sep 28 16:00:00 PDT 2001,1.61,66.12
IMKF1,Immokalee                              FAWN,Fri Sep 28 16:00:00 PDT 2001,1.71,217.10
BMTC2,Blue_Mountain,Fri Sep 28 16:02:00 PDT 2001,2.68,68.00
QURC2,Quincy_Res,Fri Sep 28 16:02:00 PDT 2001,0.49,208.00
DHPC2,Diamond_Hill,Fri Sep 28 16:02:00 PDT 2001,0.63,225.00
EBBC2,Elbert,Fri Sep 28 16:02:00 PDT 2001,3.49,158.00
BHNC2,Brighton,Fri Sep 28 16:02:00 PDT 2001,0.00,320.00
SQWC2,Squaw_Mountain,Fri Sep 28 16:02:00 PDT 2001,2.15,50.00
HGCC2,Hiwan_G.C.,Fri Sep 28 16:02:00 PDT 2001,1.34,148.00
HIGC2,Highlands_Ranch_WTP,Fri Sep 28 16:02:00 PDT 2001,0.94,135.00
SAPC2,Salisbury_Park,Fri Sep 28 16:02:00 PDT 2001,6.66,158.00
COKC2,Castle_Rock,Fri Sep 28 16:02:00 PDT 2001,2.46,51.00
WRDC2,Ward_C-1,Fri Sep 28 16:02:00 PDT 2001,0.31,338.00
SFSC2,Sugarloaf,Fri Sep 28 16:02:00 PDT 2001,0.00,101.00
LEWC2,Louisville_Lake,Fri Sep 28 16:02:00 PDT 2001,0.00,349.00
CALC2,Cal-Wood_Ranch,Fri Sep 28 16:02:00 PDT 2001,2.86,45.00
BTRC2,Button_Rock,Fri Sep 28 16:02:00 PDT 2001,1.56,135.00
QBRA3,BLACK ROCK,Fri Sep 28 16:01:00 PDT 2001,3.58,350.00
TR071,NIXON FLATS,Fri Sep 28 16:02:00 PDT 2001,0.45,160.00
QRAA3,RAINBOW,Fri Sep 28 16:00:00 PDT 2001,9.39,100.00
QRCA3,RUCKER,Fri Sep 28 16:01:00 PDT 2001,3.58,140.00
CKSC1,BEN LOMOND,Fri Sep 28 16:01:00 PDT 2001,1.79,60.00
TMPA1,BIG HILL,Fri Sep 28 16:00:00 PDT 2001,1.79,230.00
CTOC1,CORRALITOS,Fri Sep 28 16:02:00 PDT 2001,0.89,290.00
DBLC1,DIABLO GRANDE,Fri Sep 28 16:00:00 PDT 2001,3.13,40.00
EPKC1,EAGLE PEAK,Fri Sep 28 16:00:00 PDT 2001,0.45,220.00
TR125,FENCE MEADOW - FTS,Fri Sep 28 16:01:00 PDT 2001,3.13,270.00
FHCC1,FISH CREEK MOUNTAIN,Fri Sep 28 16:01:00 PDT 2001,4.47,130.00
LAHC1,LA HONDA,Fri Sep 28 16:01:00 PDT 2001,1.79,260.00
LMOC1,LIVERMORE,Fri Sep 28 16:00:00 PDT 2001,5.36,10.00
LTHC1,LOST HORSE,Fri Sep 28 16:01:00 PDT 2001,1.79,20.00
TMPC5,MAD RIVER,Fri Sep 28 16:00:00 PDT 2001,1.34,320.00
MTQC1,MOUNTAIN REST - FTS,Fri Sep 28 16:01:00 PDT 2001,2.24,240.00
INTC1,PANAMINT,Fri Sep 28 16:01:00 PDT 2001,2.24,240.00
TSCC1,TEMESCAL #1,Fri Sep 28 16:00:00 PDT 2001,2.24,320.00
TR199,TRIMMER - FTS,Fri Sep 28 16:02:00 PDT 2001,1.34,210.00
CISC1,WHITE CLOUD,Fri Sep 28 16:02:00 PDT 2001,1.79,180.00
TR211,LOGCHUTE,Fri Sep 28 16:01:00 PDT 2001,0.45,220.00
BFRI1,BRACE FLAT,Fri Sep 28 16:00:00 PDT 2001,1.34,350.00
F1510,VERNON - FTS,Fri Sep 28 16:01:00 PDT 2001,2.68,20.00
TR269,DERBY MOUNTAIN - FT,Fri Sep 28 16:01:00 PDT 2001,3.13,220.00
TR275,HEBGEN LAKE - FTS,Fri Sep 28 16:00:00 PDT 2001,3.13,240.00
TR280,NINE MILE - FTS,Fri Sep 28 16:01:00 PDT 2001,2.68,320.00
PRDM8,PARDEE,Fri Sep 28 16:00:00 PDT 2001,0.89,360.00
TR293,SQUAW CREEK - FTS,Fri Sep 28 16:00:00 PDT 2001,1.79,230.00
TR297,TIMBERCREST - FTS,Fri Sep 28 16:01:00 PDT 2001,1.34,350.00
TR304,YELLOW MULE - FTS,Fri Sep 28 16:00:00 PDT 2001,7.15,160.00
TR307,COSMIC - PORTABLE,Fri Sep 28 16:00:00 PDT 2001,0.45,50.00
COPN5,SMOKEY BEAR,Fri Sep 28 16:01:00 PDT 2001,1.34,200.00
BWFO3,BROWNS WELL,Fri Sep 28 16:02:00 PDT 2001,1.79,320.00
CLFO3,CALIMUS,Fri Sep 28 16:00:00 PDT 2001,3.58,260.00
CTFO3,CHEMULT,Fri Sep 28 16:00:00 PDT 2001,1.79,40.00
CQFO3,CHILOQUIN,Fri Sep 28 16:00:00 PDT 2001,1.79,260.00
FAFO3,FLAGSTAFF HILL,Fri Sep 28 16:01:00 PDT 2001,4.92,330.00
OYFO3,HOYT CREEK,Fri Sep 28 16:01:00 PDT 2001,2.24,270.00
SHFO3,SAGE HEN,Fri Sep 28 16:00:00 PDT 2001,3.13,290.00
BRAU1,BEAR RIVER,Fri Sep 28 16:00:00 PDT 2001,1.79,320.00
HOHU1,HORSE HOLLOW,Fri Sep 28 16:01:00 PDT 2001,4.02,210.00
HURW1,HURRICANE,Fri Sep 28 16:00:00 PDT 2001,6.26,140.00
BMTC2,Blue_Mountain,Fri Sep 28 16:17:00 PDT 2001,2.68,57.00
QURC2,Quincy_Res,Fri Sep 28 16:17:00 PDT 2001,2.15,146.00
DHPC2,Diamond_Hill,Fri Sep 28 16:17:00 PDT 2001,2.24,186.00
EBBC2,Elbert,Fri Sep 28 16:17:00 PDT 2001,3.49,217.00
BHNC2,Brighton,Fri Sep 28 16:17:00 PDT 2001,0.00,320.00
SQWC2,Squaw_Mountain,Fri Sep 28 16:17:00 PDT 2001,4.29,192.00
HGCC2,Hiwan_G.C.,Fri Sep 28 16:17:00 PDT 2001,0.89,148.00
HIGC2,Highlands_Ranch_WTP,Fri Sep 28 16:17:00 PDT 2001,0.94,135.00
SAPC2,Salisbury_Park,Fri Sep 28 16:17:00 PDT 2001,3.67,112.00
COKC2,Castle_Rock,Fri Sep 28 16:17:00 PDT 2001,2.32,68.00
WRDC2,Ward_C-1,Fri Sep 28 16:17:00 PDT 2001,0.31,338.00
LEWC2,Louisville_Lake,Fri Sep 28 16:17:00 PDT 2001,0.36,270.00
CALC2,Cal-Wood_Ranch,Fri Sep 28 16:17:00 PDT 2001,2.86,45.00
BTRC2,Button_Rock,Fri Sep 28 16:17:00 PDT 2001,0.00,135.00
SADDL,Niwot Ridge Saddle                    NiwotRidge,Fri Sep 28 16:00:00 PDT 2001,5.47,160.00
CSUF,CSU Foothills Campus                  ColoState,Fri Sep 28 16:10:00 PDT 2001,3.53,145.00
CSUF,CSU Foothills Campus                  ColoState,Fri Sep 28 16:15:00 PDT 2001,3.76,147.00
CSUF,CSU Foothills Campus                  ColoState,Fri Sep 28 16:20:00 PDT 2001,3.00,138.00
CSUF,CSU Foothills Campus                  ColoState,Fri Sep 28 16:25:00 PDT 2001,3.04,140.00
FORC2,CSU Campus                            ColoState,Fri Sep 28 16:00:00 PDT 2001,1.88,136.00
FORC2,CSU Campus                            ColoState,Fri Sep 28 16:10:00 PDT 2001,1.03,141.00
NCARM,NCAR Table Mesa                       NCAR,Fri Sep 28 16:13:22 PDT 2001,1.30,126.00
NCARF,NCAR Foothills Lab                    NCAR,Fri Sep 28 16:15:55 PDT 2001,1.12,325.00
CSUF,CSU Foothills Campus                  ColoState,Fri Sep 28 16:30:00 PDT 2001,2.01,139.00
CSUF,CSU Foothills Campus                  ColoState,Fri Sep 28 16:35:00 PDT 2001,1.70,148.00
FORC2,CSU Campus                            ColoState,Fri Sep 28 16:20:00 PDT 2001,1.39,159.00
NCARM,NCAR Table Mesa                       NCAR,Fri Sep 28 16:23:21 PDT 2001,3.80,324.00
NCARF,NCAR Foothills Lab                    NCAR,Fri Sep 28 16:25:55 PDT 2001,1.21,320.00
BLDF1,Belle Glade                            FAWN,Fri Sep 28 16:15:00 PDT 2001,1.01,88.40
PHAF1,Putnam Hall                            FAWN,Fri Sep 28 16:15:00 PDT 2001,0.75,66.44
TRAF1,Citra                                  FAWN,Fri Sep 28 16:15:00 PDT 2001,2.13,45.05
ALHF1,Alachua                                FAWN,Fri Sep 28 16:15:00 PDT 2001,2.43,68.72
STNF1,Hastings                               FAWN,Fri Sep 28 16:15:00 PDT 2001,1.24,346.40
CKHF1,Ocklawaha                              FAWN,Fri Sep 28 16:15:00 PDT 2001,1.58,58.38
VRSF1,Tavares                                FAWN,Fri Sep 28 16:15:00 PDT 2001,2.89,53.96
UMLF1,Umatilla                               FAWN,Fri Sep 28 16:15:00 PDT 2001,2.57,40.84
KHPF1,Okahumpka                              FAWN,Fri Sep 28 16:15:00 PDT 2001,2.05,53.99
VLNF1,Avalon                                 FAWN,Fri Sep 28 16:15:00 PDT 2001,0.88,12.84
KSLF1,Brooksville                            FAWN,Fri Sep 28 16:15:00 PDT 2001,3.23,52.30
POPF1,Apopka                                 FAWN,Fri Sep 28 16:15:00 PDT 2001,2.22,60.69
KALF1,Lake Alfred                            FAWN,Fri Sep 28 16:15:00 PDT 2001,2.14,63.73
DNTF1,Bradenton                              FAWN,Fri Sep 28 16:15:00 PDT 2001,1.75,101.10
FDLF1,Fort Lauderdale                        FAWN,Fri Sep 28 16:15:00 PDT 2001,0.77,101.30
PCEF1,Fort Pierce                            FAWN,Fri Sep 28 16:15:00 PDT 2001,2.11,189.90
STDF1,Homestead                              FAWN,Fri Sep 28 16:15:00 PDT 2001,2.04,64.99
IMKF1,Immokalee                              FAWN,Fri Sep 28 16:15:00 PDT 2001,0.96,193.60
BMTC2,Blue_Mountain,Fri Sep 28 16:32:00 PDT 2001,1.34,90.00
QURC2,Quincy_Res,Fri Sep 28 16:32:00 PDT 2001,3.13,191.00
DHPC2,Diamond_Hill,Fri Sep 28 16:32:00 PDT 2001,2.24,186.00
EBBC2,Elbert,Fri Sep 28 16:32:00 PDT 2001,3.17,334.00
SQWC2,Squaw_Mountain,Fri Sep 28 16:32:00 PDT 2001,4.29,186.00
HGCC2,Hiwan_G.C.,Fri Sep 28 16:32:00 PDT 2001,0.89,127.00
HIGC2,Highlands_Ranch_WTP,Fri Sep 28 16:32:00 PDT 2001,0.85,124.00
SAPC2,Salisbury_Park,Fri Sep 28 16:32:00 PDT 2001,3.76,158.00
COKC2,Castle_Rock,Fri Sep 28 16:32:00 PDT 2001,2.32,51.00
WRDC2,Ward_C-1,Fri Sep 28 16:32:00 PDT 2001,0.31,338.00
LEWC2,Louisville_Lake,Fri Sep 28 16:32:00 PDT 2001,0.36,270.00
CALC2,Cal-Wood_Ranch,Fri Sep 28 16:32:00 PDT 2001,2.86,45.00
BTRC2,Button_Rock,Fri Sep 28 16:32:00 PDT 2001,0.00,135.00
F1264,ALCAN HWY MI-1244,Fri Sep 28 16:19:00 PDT 2001,2.24,40.00
F1267,BEAVER (WBQ),Fri Sep 28 16:20:00 PDT 2001,0.89,30.00
F1268,BEN CREEK,Fri Sep 28 16:25:00 PDT 2001,0.89,130.00
F1269,BENTALIT,Fri Sep 28 16:21:00 PDT 2001,1.34,200.00
F1681,BLACK CAPE,Fri Sep 28 16:18:00 PDT 2001,5.36,20.00
F1273,BOOTH LAKE,Fri Sep 28 16:24:00 PDT 2001,5.36,10.00
F1682,CAPE KIAVAK,Fri Sep 28 16:26:00 PDT 2001,2.24,330.00
F1276,CHALKYITSIK,Fri Sep 28 16:24:00 PDT 2001,0.89,50.00
F1278,CHICKEN,Fri Sep 28 16:07:00 PDT 2001,1.34,50.00
F1686,CHIEF COVE,Fri Sep 28 16:19:00 PDT 2001,4.02,40.00
F1279,CHISANA,Fri Sep 28 16:24:00 PDT 2001,1.34,330.00
F1281,COTTONWOOD,Fri Sep 28 16:25:00 PDT 2001,4.02,10.00
F1282,EAGLE,Fri Sep 28 16:25:00 PDT 2001,3.13,130.00
F1292,GRAPHITE LAKE,Fri Sep 28 16:27:00 PDT 2001,2.24,110.00
F1307,KAVET CREEK,Fri Sep 28 16:21:00 PDT 2001,1.34,320.00
F1308,KELLY,Fri Sep 28 16:23:00 PDT 2001,4.92,10.00
F1315,KLAWASI,Fri Sep 28 16:24:00 PDT 2001,1.34,260.00
F1317,LAKE MINCHUMINA,Fri Sep 28 16:20:00 PDT 2001,2.24,100.00
F1318,LIVENGOOD,Fri Sep 28 16:06:00 PDT 2001,5.81,320.00
F1319,MAY CREEK,Fri Sep 28 16:25:00 PDT 2001,1.79,300.00
F1320,MCKINLEY RIVER,Fri Sep 28 16:20:00 PDT 2001,1.79,20.00
F1326,NOATAK,Fri Sep 28 16:23:00 PDT 2001,6.26,30.00
F1327,NORUTAK LAKE,Fri Sep 28 16:21:00 PDT 2001,0.45,220.00
F1331,PORT ALSWORTH,Fri Sep 28 16:22:00 PDT 2001,0.89,340.00
F1335,REINDEER RIVER,Fri Sep 28 16:08:00 PDT 2001,4.02,330.00
F1337,ROUND LAKE,Fri Sep 28 16:10:00 PDT 2001,1.34,30.00
F1345,SITE SUMMIT,Fri Sep 28 16:14:00 PDT 2001,1.79,50.00
F1347,STONEY,Fri Sep 28 16:22:00 PDT 2001,1.34,230.00
F1349,SWANSON RIVER,Fri Sep 28 16:15:00 PDT 2001,2.24,10.00
TR060,ALPINE,Fri Sep 28 16:06:00 PDT 2001,2.24,160.00
QBHA3,BLACK HILLS,Fri Sep 28 16:31:00 PDT 2001,3.58,170.00
QBAA3,BRIGHT ANGEL,Fri Sep 28 16:11:00 PDT 2001,0.00,40.00
QBMA3,BUCKSKIN MTN,Fri Sep 28 16:10:00 PDT 2001,3.13,220.00
QEMA3,EMPIRE,Fri Sep 28 16:02:00 PDT 2001,4.47,130.00
FZWA3,FRAZIER WELLS,Fri Sep 28 16:15:00 PDT 2001,4.92,210.00
QGDA3,GOODWIN MESA,Fri Sep 28 16:03:00 PDT 2001,4.47,220.00
QGRA3,GREER,Fri Sep 28 16:08:00 PDT 2001,4.02,150.00
QGSA3,GUNSIGHT,Fri Sep 28 16:03:00 PDT 2001,3.58,210.00
QGTA3,GUTHRIE,Fri Sep 28 16:04:00 PDT 2001,4.47,90.00
QHAA3,HAVASU,Fri Sep 28 16:04:00 PDT 2001,3.58,200.00
QHEA3,HEBER,Fri Sep 28 16:06:00 PDT 2001,3.13,160.00
TR068,HILLTOP,Fri Sep 28 16:05:00 PDT 2001,2.68,180.00
QHRA3,HORSE CAMP CANYON,Fri Sep 28 16:05:00 PDT 2001,5.81,110.00
QHOA3,HOUSEROCK,Fri Sep 28 16:05:00 PDT 2001,4.02,160.00
QHBA3,HUMBUG CREEK,Fri Sep 28 16:06:00 PDT 2001,4.02,230.00
QHUA3,HURRICANE,Fri Sep 28 16:06:00 PDT 2001,5.81,300.00
QLBA3,LINDBERGH HILL,Fri Sep 28 16:12:00 PDT 2001,2.24,210.00
QMBA3,MOSS BASIN,Fri Sep 28 16:08:00 PDT 2001,2.24,140.00
QMLA3,MOUNT LOGAN,Fri Sep 28 16:08:00 PDT 2001,2.24,50.00
QMRA3,MULESHOE RANCH,Fri Sep 28 16:09:00 PDT 2001,4.02,300.00
QMMA3,MUSIC MOUNTAIN,Fri Sep 28 16:09:00 PDT 2001,3.58,250.00
QOKA3,OLAF KNOLLS,Fri Sep 28 16:10:00 PDT 2001,4.02,210.00
QRTA3,ROBINSON TANK,Fri Sep 28 16:11:00 PDT 2001,3.58,210.00
QRSA3,ROOSEVELT,Fri Sep 28 16:11:00 PDT 2001,1.34,180.00
TR358,SAGUARO - FTS,Fri Sep 28 16:08:00 PDT 2001,1.79,200.00
TR073,SAN CARLOS PORTABLE,Fri Sep 28 16:05:00 PDT 2001,3.58,120.00
QHQA3,SMITH PEAK,Fri Sep 28 16:31:00 PDT 2001,1.34,140.00
QSTA3,STANTON,Fri Sep 28 16:12:00 PDT 2001,5.81,180.00
QSPA3,SUNSET POINT,Fri Sep 28 16:12:00 PDT 2001,4.02,10.00
QTCA3,TRAIL CABIN,Fri Sep 28 16:08:00 PDT 2001,3.58,130.00
QTWA3,TWEEDS POINT,Fri Sep 28 16:13:00 PDT 2001,5.36,230.00
QUPA3,UNION PASS,Fri Sep 28 16:13:00 PDT 2001,3.58,180.00
QWSA3,WARM SPRINGS CANYON,Fri Sep 28 16:23:00 PDT 2001,1.79,160.00
QYJA3,YELLOW JOHN MOUNTAI,Fri Sep 28 16:10:00 PDT 2001,3.58,220.00
ATNC1,ACTON,Fri Sep 28 16:32:00 PDT 2001,4.92,290.00
NZAC1,ANZA,Fri Sep 28 16:12:00 PDT 2001,1.79,270.00
ARGC1,ARROYO GRANDE,Fri Sep 28 16:10:00 PDT 2001,3.13,340.00
ASRC1,ARROYO SECO (MT. DI,Fri Sep 28 16:09:00 PDT 2001,1.79,20.00
AVLC1,ASH VALLEY,Fri Sep 28 16:09:00 PDT 2001,3.58,290.00
BDMC1,BALD MTN LOC,Fri Sep 28 16:09:00 PDT 2001,0.89,240.00
TMP99,BATTERSON,Fri Sep 28 16:31:00 PDT 2001,0.89,270.00
BPKC1,BEAR PEAK,Fri Sep 28 16:21:00 PDT 2001,5.36,220.00
COKC1,BEAVER,Fri Sep 28 16:09:00 PDT 2001,1.79,220.00
CAPC1,BELL CANYON,Fri Sep 28 16:31:00 PDT 2001,12.52,190.00
BETC1,BENTON,Fri Sep 28 16:12:00 PDT 2001,4.02,180.00
TR361,BIG SUR,Fri Sep 28 16:26:00 PDT 2001,0.45,260.00
BOGC1,BOGARD R.S.,Fri Sep 28 16:30:00 PDT 2001,0.45,240.00
TR092,BUCK MEADOWS - FTS,Fri Sep 28 16:02:00 PDT 2001,2.68,270.00
BUFC1,BULL FLAT,Fri Sep 28 16:25:00 PDT 2001,3.13,310.00
TR093,BUTTERCUP,Fri Sep 28 16:16:00 PDT 2001,2.24,150.00
TR008,CAHUILLA,Fri Sep 28 16:17:00 PDT 2001,1.79,210.00
CMNC1,CAMERON FIRE STATIO,Fri Sep 28 16:03:00 PDT 2001,2.68,210.00
CNYC1,CANBY,Fri Sep 28 16:32:00 PDT 2001,1.34,30.00
CAZC1,CARRIZO,Fri Sep 28 16:08:00 PDT 2001,4.47,80.00
TMPA6,CATHEYS VALLEY,Fri Sep 28 16:03:00 PDT 2001,6.71,130.00
TR098,CDF PORTABLE #10,Fri Sep 28 16:25:00 PDT 2001,1.34,350.00
TR101,CDF PORTABLE #13,Fri Sep 28 16:23:00 PDT 2001,4.02,40.00
TR102,CDF PORTABLE #14,Fri Sep 28 16:23:00 PDT 2001,0.00,160.00
TR108,CDF PORTABLE #3,Fri Sep 28 16:28:00 PDT 2001,0.45,240.00
TR113,CDF PORTABLE #8,Fri Sep 28 16:26:00 PDT 2001,1.34,230.00
TR114,CDF PORTABLE #9,Fri Sep 28 16:25:00 PDT 2001,0.89,250.00
RODC1,CFLO RAWS,Fri Sep 28 16:14:00 PDT 2001,3.13,240.00
CESC1,CHESTER,Fri Sep 28 16:30:00 PDT 2001,1.79,260.00
CUUC1,CHUCHUPATE,Fri Sep 28 16:15:00 PDT 2001,0.89,10.00
CLHC1,CLARK,Fri Sep 28 16:12:00 PDT 2001,5.81,260.00
CVEC1,CONVERSE,Fri Sep 28 16:20:00 PDT 2001,4.02,270.00
PTEC1,COOSKIE MOUNTAIN,Fri Sep 28 16:06:00 PDT 2001,1.79,330.00
DNTC1,DELNORTE,Fri Sep 28 16:04:00 PDT 2001,1.34,70.00
TMPB0,DELONAGHA,Fri Sep 28 16:20:00 PDT 2001,1.79,140.00
DVOC1,DEVORE,Fri Sep 28 16:10:00 PDT 2001,2.68,220.00
TR124,DINKEY,Fri Sep 28 16:05:00 PDT 2001,1.79,250.00
ECSC1,EL CARISO,Fri Sep 28 16:04:00 PDT 2001,4.02,200.00
EMRC1,EL MIRAGE,Fri Sep 28 16:17:00 PDT 2001,1.79,260.00
ESPC1,ESPERANZA,Fri Sep 28 16:02:00 PDT 2001,2.24,290.00
FCHC1,FANCHER CREEK,Fri Sep 28 16:05:00 PDT 2001,2.24,270.00
FWSC1,FAWNSKIN,Fri Sep 28 16:20:00 PDT 2001,2.68,190.00
FMRC1,FIVE MILE,Fri Sep 28 16:14:00 PDT 2001,8.94,180.00
TR128,FORESTHILL,Fri Sep 28 16:10:00 PDT 2001,2.24,270.00
FHLC1,FORT HUNTER LIGGET,Fri Sep 28 16:22:00 PDT 2001,3.13,340.00
FODC1,FORT ORD,Fri Sep 28 16:16:00 PDT 2001,7.60,270.00
FTNC1,FOUNTAIN SPRINGS,Fri Sep 28 16:06:00 PDT 2001,1.34,270.00
FRCC1,FREMONT CANYON,Fri Sep 28 16:30:00 PDT 2001,4.47,220.00
TR137,GALENA,Fri Sep 28 16:18:00 PDT 2001,3.13,310.00
GNSC1,GREEN SPRING,Fri Sep 28 16:03:00 PDT 2001,4.02,110.00
CAHC1,HASTINGS,Fri Sep 28 16:07:00 PDT 2001,4.92,280.00
HLLC1,HELL HOLE,Fri Sep 28 16:09:00 PDT 2001,3.13,260.00
HTSC1,HORSE THIEF SPRINGS,Fri Sep 28 16:21:00 PDT 2001,2.24,20.00
PRHC1,HURLEY,Fri Sep 28 16:05:00 PDT 2001,1.79,250.00
IDWC1,INDIAN WELL,Fri Sep 28 16:16:00 PDT 2001,0.89,10.00
IWLC1,INDIAN WELLS CANYON,Fri Sep 28 16:13:00 PDT 2001,4.02,210.00
JORC1,JORDAN CREEK PORTAB,Fri Sep 28 16:12:00 PDT 2001,0.89,210.00
JULC1,JULIAN,Fri Sep 28 16:14:00 PDT 2001,3.58,280.00
JPRC1,JUNIPER CREEK,Fri Sep 28 16:16:00 PDT 2001,2.68,290.00
KNWC1,KEENWILD,Fri Sep 28 16:19:00 PDT 2001,3.13,290.00
KTLC1,KETTLEMAN HILLS,Fri Sep 28 16:09:00 PDT 2001,6.26,10.00
KNXC1,KNOXVILLE CREEK,Fri Sep 28 16:05:00 PDT 2001,1.79,280.00
LPZC1,LA PANZA,Fri Sep 28 16:09:00 PDT 2001,4.92,320.00
LDRC1,LADDER BUTTE,Fri Sep 28 16:31:00 PDT 2001,1.34,310.00
TABC1,LAS TABLAS,Fri Sep 28 16:09:00 PDT 2001,0.45,50.00
LAFC1,LAUFMAN,Fri Sep 28 16:10:00 PDT 2001,0.45,340.00
LRLC1,LAURAL MOUNTAIN,Fri Sep 28 16:13:00 PDT 2001,5.81,200.00
TR148,LN5 - PORTABLE,Fri Sep 28 16:24:00 PDT 2001,0.89,270.00
SLRC1,LOS BANOS,Fri Sep 28 16:04:00 PDT 2001,3.13,20.00
LPOC1,LOS PRIETOS,Fri Sep 28 16:10:00 PDT 2001,2.24,270.00
TMPC4,LOWDEN,Fri Sep 28 16:03:00 PDT 2001,2.24,230.00
COWC1,LYONS VALLEY,Fri Sep 28 16:17:00 PDT 2001,2.68,260.00
LVMC1,MALLORY RIDGE,Fri Sep 28 16:19:00 PDT 2001,1.34,110.00
VIOC1,MANZANITA LAKE,Fri Sep 28 16:31:00 PDT 2001,1.79,240.00
MRIC1,MARIPOSA,Fri Sep 28 16:03:00 PDT 2001,3.58,260.00
MKEC1,MARKLEEVILLE,Fri Sep 28 16:18:00 PDT 2001,3.13,260.00
MCFC1,METCALF GAP,Fri Sep 28 16:04:00 PDT 2001,1.79,220.00
MYRC1,MEYERS,Fri Sep 28 16:10:00 PDT 2001,0.89,240.00
MRPC1,MGROVE,Fri Sep 28 16:23:00 PDT 2001,1.34,270.00
MDHC1,MID HILLS,Fri Sep 28 16:13:00 PDT 2001,5.36,170.00
MMKC1,MILL CREEK (BDF),Fri Sep 28 16:23:00 PDT 2001,4.02,130.00
TR362,MILO,Fri Sep 28 16:06:00 PDT 2001,2.24,190.00
MRSC1,MOJAVE RIVER SINK,Fri Sep 28 16:12:00 PDT 2001,1.79,350.00
MTIC1,MONTECITO,Fri Sep 28 16:10:00 PDT 2001,0.00,200.00
MNCC1,MORMON ROCK,Fri Sep 28 16:23:00 PDT 2001,3.13,100.00
TR166,MOUNT ELIZABETH - F,Fri Sep 28 16:02:00 PDT 2001,2.68,290.00
TR167,MOUNT TOM - FTS,Fri Sep 28 16:02:00 PDT 2001,5.36,230.00
MDAC1,MT. DIABLO,Fri Sep 28 16:17:00 PDT 2001,4.92,30.00
MLGC1,MT. LAGUNA,Fri Sep 28 16:03:00 PDT 2001,1.34,20.00
TR357,OAK BOTTOM,Fri Sep 28 16:30:00 PDT 2001,1.34,350.00
OGVC1,OAK GROVE,Fri Sep 28 16:04:00 PDT 2001,1.79,340.00
OJAC1,OJAI,Fri Sep 28 16:17:00 PDT 2001,3.58,260.00
OWNC1,OWENS CAMP,Fri Sep 28 16:11:00 PDT 2001,1.79,310.00
TMPD2,OWENS VALLEY,Fri Sep 28 16:08:00 PDT 2001,1.79,280.00
TR373,OZENA,Fri Sep 28 16:25:00 PDT 2001,3.13,80.00
PKFC1,PARKFIELD,Fri Sep 28 16:08:00 PDT 2001,3.13,140.00
PKCC1,PIKE COUNTY LOOKOUT,Fri Sep 28 16:10:00 PDT 2001,1.79,250.00
PIHC1,PINE HILLS,Fri Sep 28 16:14:00 PDT 2001,2.68,280.00
TR177,PINE RIDGE PORTABLE,Fri Sep 28 16:16:00 PDT 2001,0.89,290.00
PPRC1,PIRU,Fri Sep 28 16:17:00 PDT 2001,4.92,260.00
POTC1,POTRERO,Fri Sep 28 16:14:00 PDT 2001,1.79,250.00
QYRC1,QUINCY RD,Fri Sep 28 16:18:00 PDT 2001,2.24,190.00
RCHC1,RANCHITA,Fri Sep 28 16:13:00 PDT 2001,4.47,270.00
TMPD4,RAVENDALE,Fri Sep 28 16:02:00 PDT 2001,4.02,330.00
RVYC1,RICE VALLEY,Fri Sep 28 16:02:00 PDT 2001,3.13,170.00
TMPD5,ROCK CREEK,Fri Sep 28 16:28:00 PDT 2001,2.24,160.00
ROVC1,ROSE VALLEY,Fri Sep 28 16:09:00 PDT 2001,3.58,240.00
RSHC1,RUSH CREEK,Fri Sep 28 16:10:00 PDT 2001,0.45,310.00
TR187,SADDLEBACK,Fri Sep 28 16:10:00 PDT 2001,3.13,260.00
SCNC1,SAN CLEMENTE ISLAND,Fri Sep 28 16:07:00 PDT 2001,0.00,160.00
SNCC1,SANTA CRUZ ISLAND,Fri Sep 28 16:25:00 PDT 2001,0.89,210.00
SRIC1,SANTA ROSA ISLAND,Fri Sep 28 16:24:00 PDT 2001,10.73,290.00
SRUC1,SANTA ROSA PLATEAU,Fri Sep 28 16:11:00 PDT 2001,4.47,330.00
TR188,SCHOOL HOUSE,Fri Sep 28 16:10:00 PDT 2001,4.92,300.00
SHQC1,SHADEQUARTER,Fri Sep 28 16:06:00 PDT 2001,3.13,270.00
TMPD8,SHAVER,Fri Sep 28 16:05:00 PDT 2001,1.34,270.00
TMPD9,SQUAW LAKE,Fri Sep 28 16:14:00 PDT 2001,3.13,210.00
SMDC1,STAMPEDE,Fri Sep 28 16:02:00 PDT 2001,3.13,220.00
TCLC1,TEMESCAL #2,Fri Sep 28 16:25:00 PDT 2001,2.24,90.00
TMEC1,TUOLME,Fri Sep 28 16:21:00 PDT 2001,0.89,60.00
VLCC1,VALLEY CENTER,Fri Sep 28 16:13:00 PDT 2001,3.58,340.00
WKPC1,WHITAKER PEAK,Fri Sep 28 16:18:00 PDT 2001,1.79,160.00
WWRC1,WWOLF,Fri Sep 28 16:22:00 PDT 2001,0.89,210.00
UCCC1,YUCCA VALLEY,Fri Sep 28 16:11:00 PDT 2001,4.02,240.00
LPRC2,BLACK CANYON,Fri Sep 28 16:20:00 PDT 2001,2.68,200.00
CPTC2,CARPENTER RIDGE,Fri Sep 28 16:29:00 PDT 2001,1.79,110.00
CHPC2,CHAPIN - FTS,Fri Sep 28 16:17:00 PDT 2001,2.68,230.00
CGRC2,COPPER GULCH,Fri Sep 28 16:15:00 PDT 2001,2.68,100.00
CMEC2,COTTONWOOD BASIN,Fri Sep 28 16:15:00 PDT 2001,1.79,250.00
DRAC2,DRAGON ROAD,Fri Sep 28 16:21:00 PDT 2001,8.94,220.00
EGRC2,ERNIE GULCH,Fri Sep 28 16:16:00 PDT 2001,5.36,190.00
GDRC2,GREAT DIVIDE,Fri Sep 28 16:16:00 PDT 2001,6.26,240.00
GSPC2,GUNSIGHT,Fri Sep 28 16:17:00 PDT 2001,4.02,220.00
GPRC2,GYPSUM,Fri Sep 28 16:17:00 PDT 2001,3.13,240.00
HCKC2,HUNTER CREEK,Fri Sep 28 16:18:00 PDT 2001,3.13,200.00
HMEC2,HUNTSMAN MESA,Fri Sep 28 16:18:00 PDT 2001,4.47,280.00
TR205,INDIAN CK MICRO FS,Fri Sep 28 16:17:00 PDT 2001,2.24,280.00
JCRC2,JACKS CANYON,Fri Sep 28 16:19:00 PDT 2001,4.02,240.00
JAYC2,JAY,Fri Sep 28 16:19:00 PDT 2001,2.24,200.00
LODC2,LADORE,Fri Sep 28 16:20:00 PDT 2001,4.02,230.00
MMRC2,MESA MTN,Fri Sep 28 16:12:00 PDT 2001,2.68,250.00
MRFC2,MOREFIELD - FTS,Fri Sep 28 16:17:00 PDT 2001,4.92,180.00
NUCC2,NUCLA,Fri Sep 28 16:26:00 PDT 2001,5.36,240.00
PIRC2,PINTO,Fri Sep 28 16:21:00 PDT 2001,3.13,240.00
TR209,PSF2 - PORTABLE - 5,Fri Sep 28 16:28:00 PDT 2001,0.89,120.00
RFEC2,RIFLE,Fri Sep 28 16:22:00 PDT 2001,5.81,270.00
CRWC2,THE CROWN,Fri Sep 28 16:22:00 PDT 2001,4.02,340.00
F1466,CACHE - FTS,Fri Sep 28 16:16:00 PDT 2001,1.34,60.00
F1725,ARMUCHEE #1,Fri Sep 28 16:05:00 PDT 2001,2.24,20.00
F1711,BRASSTOWN #1,Fri Sep 28 16:06:00 PDT 2001,3.13,160.00
F1683,COHUTTA#1,Fri Sep 28 16:05:00 PDT 2001,2.24,70.00
F1700,OCONEE #1,Fri Sep 28 16:06:00 PDT 2001,0.45,60.00
F1705,TALLULAH #1,Fri Sep 28 16:06:00 PDT 2001,0.89,50.00
F1726,TOCCOA #1,Fri Sep 28 16:05:00 PDT 2001,0.89,300.00
F1474,KEAUMO,Fri Sep 28 16:07:00 PDT 2001,5.81,30.00
TR212,3 MILE,Fri Sep 28 16:15:00 PDT 2001,6.71,190.00
BCFI1,BEARSKIN CREEK,Fri Sep 28 16:13:00 PDT 2001,1.79,270.00
YFFI1,BONANZA,Fri Sep 28 16:05:00 PDT 2001,0.89,270.00
CHRI1,CHALLIS,Fri Sep 28 16:03:00 PDT 2001,2.68,260.00
CBFI1,COPPER BASIN,Fri Sep 28 16:05:00 PDT 2001,3.13,230.00
CYFI1,CRYSTAL,Fri Sep 28 16:17:00 PDT 2001,4.47,320.00
DEAI1,DEAD INDIAN RIDGE,Fri Sep 28 16:08:00 PDT 2001,2.68,310.00
DPKI1,DEEP CREEK,Fri Sep 28 16:29:00 PDT 2001,1.34,260.00
DEHI1,DEER HAVEN,Fri Sep 28 16:11:00 PDT 2001,3.13,330.00
DNFI1,DENT,Fri Sep 28 16:13:00 PDT 2001,0.45,170.00
DMNI1,DIAMOND FLAT,Fri Sep 28 16:15:00 PDT 2001,4.47,290.00
TR225,EAGLE,Fri Sep 28 16:13:00 PDT 2001,0.00,300.00
EZRI1,EZRA CREEK,Fri Sep 28 16:13:00 PDT 2001,3.13,230.00
FERI1,FENN,Fri Sep 28 16:14:00 PDT 2001,0.45,180.00
FHFI1,FISH HOOK,Fri Sep 28 16:04:00 PDT 2001,0.89,120.00
FLEI1,FLECK SUMMIT,Fri Sep 28 16:08:00 PDT 2001,2.68,350.00
FLFI1,FLINT CREEK,Fri Sep 28 16:10:00 PDT 2001,3.58,80.00
GASI1,GAS CAVES,Fri Sep 28 16:25:00 PDT 2001,5.81,250.00
GSKI1,GOOSE CREEK,Fri Sep 28 16:14:00 PDT 2001,5.81,20.00
TR240,HAYDEN LAKE - FTS,Fri Sep 28 16:08:00 PDT 2001,1.34,130.00
HBFI1,HORSE BUTTE,Fri Sep 28 16:16:00 PDT 2001,4.92,330.00
HPFI1,HORTON PEAK,Fri Sep 28 16:08:00 PDT 2001,7.15,160.00
INDI1,INDIANOLA,Fri Sep 28 16:07:00 PDT 2001,1.34,340.00
KELI1,KELLY,Fri Sep 28 16:11:00 PDT 2001,1.79,90.00
KRCI1,KRILEY CREEK,Fri Sep 28 16:28:00 PDT 2001,5.36,290.00
LDOI1,LEADORE CREEK,Fri Sep 28 16:29:00 PDT 2001,6.71,240.00
TR244,LIME CREEK,Fri Sep 28 16:17:00 PDT 2001,1.79,80.00
LTAI1,LITTLE ANDERSON,Fri Sep 28 16:13:00 PDT 2001,0.00,310.00
THFI1,LITTLE CREEK,Fri Sep 28 16:05:00 PDT 2001,2.68,310.00
LPFI1,LODGEPOLE,Fri Sep 28 16:12:00 PDT 2001,3.13,230.00
MOFI1,MOBURG CANYON,Fri Sep 28 16:05:00 PDT 2001,4.92,310.00
MOOI1,MOOSE CREEK,Fri Sep 28 16:12:00 PDT 2001,1.34,240.00
TR245,NORTH FORK,Fri Sep 28 16:16:00 PDT 2001,2.24,170.00
TR250,NUCKOLS - FTS,Fri Sep 28 16:07:00 PDT 2001,1.34,240.00
PIEI1,PIERCE,Fri Sep 28 16:13:00 PDT 2001,0.00,130.00
PNFI1,PINE CREEK,Fri Sep 28 16:02:00 PDT 2001,0.00,290.00
PCKI1,POLE CREEK,Fri Sep 28 16:24:00 PDT 2001,2.68,180.00
POTI1,POTLATCH,Fri Sep 28 16:12:00 PDT 2001,1.34,160.00
SVFI1,POWELL,Fri Sep 28 16:11:00 PDT 2001,0.89,310.00
RRFI1,RED RIVER,Fri Sep 28 16:11:00 PDT 2001,0.00,340.00
SADI1,SADDLE PASS,Fri Sep 28 16:09:00 PDT 2001,1.79,340.00
SHCI1,SHOCK,Fri Sep 28 16:12:00 PDT 2001,1.79,190.00
SFFI1,SKI HILL,Fri Sep 28 16:08:00 PDT 2001,0.45,280.00
SKFI1,SKULL GULCH,Fri Sep 28 16:09:00 PDT 2001,4.92,320.00
SCFI1,SLATE CREEK,Fri Sep 28 16:12:00 PDT 2001,1.79,330.00
MCLI1,TEA POT,Fri Sep 28 16:12:00 PDT 2001,4.02,250.00
TCFI1,TOWN CREEK,Fri Sep 28 16:13:00 PDT 2001,1.79,250.00
TGFI1,TRAIL GULCH,Fri Sep 28 16:06:00 PDT 2001,2.24,300.00
TRII1,TRIANGLE,Fri Sep 28 16:32:00 PDT 2001,7.15,30.00
WEFI1,WEISER RIVER,Fri Sep 28 16:12:00 PDT 2001,4.02,140.00
F1504,TALLGRASS PRAIRE,Fri Sep 28 16:02:00 PDT 2001,4.02,70.00
F1505,KYLBL,Fri Sep 28 16:14:00 PDT 2001,1.34,40.00
F1506,CATAHOULA - FTS,Fri Sep 28 16:20:00 PDT 2001,1.34,360.00
F1507,EVANGELINE/GARDNER,Fri Sep 28 16:04:00 PDT 2001,1.34,340.00
F1509,NATCHITOCHES,Fri Sep 28 16:20:00 PDT 2001,1.34,360.00
F1514,AVA - FTS,Fri Sep 28 16:15:00 PDT 2001,2.68,30.00
F1515,CARR CREEK,Fri Sep 28 16:18:00 PDT 2001,2.24,10.00
F1516,DONIPHAN - FTS,Fri Sep 28 16:15:00 PDT 2001,2.68,70.00
F1517,SINKIN - FTS,Fri Sep 28 16:15:00 PDT 2001,1.34,50.00
F1673,BIENVILLE - FTS,Fri Sep 28 16:21:00 PDT 2001,1.79,10.00
ARMM8,ARMELLS CREEK,Fri Sep 28 16:05:00 PDT 2001,2.68,330.00
BAFM8,BADGER PEAK,Fri Sep 28 16:26:00 PDT 2001,7.15,350.00
BIFM8,BC BALDY,Fri Sep 28 16:07:00 PDT 2001,4.02,290.00
BSHM8,BRADSHAW CREEK,Fri Sep 28 16:31:00 PDT 2001,0.89,50.00
BRRM8,BRENNER,Fri Sep 28 16:23:00 PDT 2001,8.05,210.00
TR267,BVD/DEERLODGE - POR,Fri Sep 28 16:23:00 PDT 2001,7.15,90.00
TR298,CABINET (TROUT CREE,Fri Sep 28 16:04:00 PDT 2001,0.00,160.00
CBUM8,CHAIN BUTTES,Fri Sep 28 16:22:00 PDT 2001,3.13,20.00
DEEM8,DEER MOUNTAIN,Fri Sep 28 16:04:00 PDT 2001,4.02,340.00
TR270,ENNIS - FTS,Fri Sep 28 16:03:00 PDT 2001,6.26,20.00
TR271,EUREKA,Fri Sep 28 16:04:00 PDT 2001,3.13,200.00
FHFM8,FORT HOWES,Fri Sep 28 16:24:00 PDT 2001,0.89,220.00
GINM8,GINGER,Fri Sep 28 16:03:00 PDT 2001,7.15,190.00
GPRM8,GIRD POINT - FTS,Fri Sep 28 16:06:00 PDT 2001,1.34,240.00
HOTM8,HOT SPRINGS,Fri Sep 28 16:22:00 PDT 2001,4.02,300.00
HNYM8,HUNGRY HORSE,Fri Sep 28 16:14:00 PDT 2001,0.45,330.00
KTFM8,KNOWLTON,Fri Sep 28 16:24:00 PDT 2001,1.79,230.00
TR276,LEWIS & CLARK - POR,Fri Sep 28 16:25:00 PDT 2001,2.68,180.00
TR277,LIBBY,Fri Sep 28 16:04:00 PDT 2001,0.89,280.00
LNCM8,LINCOLN,Fri Sep 28 16:05:00 PDT 2001,1.79,180.00
TR279,LOLO PORTABLE FTS,Fri Sep 28 16:18:00 PDT 2001,1.79,210.00
MSLM8,MISSOULA -  FTS,Fri Sep 28 16:05:00 PDT 2001,4.92,300.00
TR281,PHILLIPSBURG - FTS,Fri Sep 28 16:03:00 PDT 2001,1.34,330.00
PNTM8,POINT 6,Fri Sep 28 16:05:00 PDT 2001,3.13,300.00
PHYM8,PORPHYRY,Fri Sep 28 16:03:00 PDT 2001,4.47,240.00
TR284,R1 - PORTABLE,Fri Sep 28 16:17:00 PDT 2001,3.13,190.00
TR285,R1 QUICK DEPLOY - F,Fri Sep 28 16:17:00 PDT 2001,0.00,340.00
RRDM8,RED ROCK,Fri Sep 28 16:02:00 PDT 2001,5.36,170.00
RCBM8,ROCKY BOY,Fri Sep 28 16:26:00 PDT 2001,0.45,10.00
TR290,SEELEY LAKE - FTS,Fri Sep 28 16:02:00 PDT 2001,3.13,280.00
SMTM8,SMITH CREEK,Fri Sep 28 16:02:00 PDT 2001,2.24,90.00
TR292,SOUTH KIRBY COULEE,Fri Sep 28 16:11:00 PDT 2001,2.24,20.00
SSMM8,SOUTH SAWMILL CREEK,Fri Sep 28 16:25:00 PDT 2001,0.00,330.00
SRYM8,ST. MARY,Fri Sep 28 16:26:00 PDT 2001,1.34,250.00
TR294,ST. REGIS - FTS,Fri Sep 28 16:02:00 PDT 2001,1.34,260.00
TEPM8,TEPEE PT,Fri Sep 28 16:09:00 PDT 2001,1.79,210.00
TR299,TROY,Fri Sep 28 16:07:00 PDT 2001,2.24,220.00
TMPF6,WEST FORK,Fri Sep 28 16:03:00 PDT 2001,2.68,90.00
TMPF7,WHITE SULPHUR SPRIN,Fri Sep 28 16:03:00 PDT 2001,3.13,320.00
TR301,WHITEHALL - FTS,Fri Sep 28 16:03:00 PDT 2001,2.24,230.00
TR302,WISE RIVER - FTS,Fri Sep 28 16:04:00 PDT 2001,4.92,300.00
WWMM8,WOLF MOUNTAIN,Fri Sep 28 16:26:00 PDT 2001,2.24,340.00
TR303,YAAK (UPPER FORD),Fri Sep 28 16:07:00 PDT 2001,1.79,140.00
F1559,DUKE FOREST,Fri Sep 28 16:07:00 PDT 2001,1.34,360.00
F1560,FORT BRAGG,Fri Sep 28 16:07:00 PDT 2001,2.24,20.00
F1685,CROSBY,Fri Sep 28 16:29:00 PDT 2001,5.36,190.00
F1567,DEVILS LAKE,Fri Sep 28 16:16:00 PDT 2001,4.92,160.00
F1570,SAND CREEK,Fri Sep 28 16:20:00 PDT 2001,12.52,150.00
F1571,SHEYENNE,Fri Sep 28 16:30:00 PDT 2001,3.58,50.00
F1572,WATFORD CITY,Fri Sep 28 16:10:00 PDT 2001,5.36,110.00
CWRN5,ALBINO CANYON,Fri Sep 28 16:22:00 PDT 2001,3.58,200.00
GBWN5,BEAR WALLOW,Fri Sep 28 16:19:00 PDT 2001,0.89,110.00
TR306,BEAVERHEAD - FTS,Fri Sep 28 16:21:00 PDT 2001,2.68,190.00
BDAN5,BOSQUE,Fri Sep 28 16:03:00 PDT 2001,2.68,210.00
ACON5,BRUSHY MOUNTAIN,Fri Sep 28 16:15:00 PDT 2001,0.00,180.00
CPPN5,CAPROCK,Fri Sep 28 16:26:00 PDT 2001,4.47,220.00
BCHN5,CHUPADERA,Fri Sep 28 16:27:00 PDT 2001,5.36,200.00
CBBN5,CUBA,Fri Sep 28 16:29:00 PDT 2001,2.24,200.00
DPKN5,DEADMAN PEAK,Fri Sep 28 16:07:00 PDT 2001,0.00,190.00
LOMN5,DRIPPING SPRINGS,Fri Sep 28 16:14:00 PDT 2001,3.13,20.00
DUNN5,DUNKEN,Fri Sep 28 16:27:00 PDT 2001,5.36,180.00
REMN5,EIGHT MILE DRAW,Fri Sep 28 16:18:00 PDT 2001,4.02,180.00
F1584,GARCIA CANY ALERT #,Fri Sep 28 16:18:00 PDT 2001,1.34,210.00
GNMN5,GILA CENTER RAWS,Fri Sep 28 16:19:00 PDT 2001,3.13,170.00
HHRN5,HACHITA VALLEY,Fri Sep 28 16:19:00 PDT 2001,5.36,120.00
GMLN5,MALPIAS LAVA FLOW,Fri Sep 28 16:21:00 PDT 2001,2.68,180.00
MPAN5,PADUCA,Fri Sep 28 16:28:00 PDT 2001,3.13,190.00
DPRN5,PELONA MOUNTAIN,Fri Sep 28 16:23:00 PDT 2001,5.36,130.00
F1588,PUEBLO CANY ALERT #,Fri Sep 28 16:18:00 PDT 2001,2.68,180.00
SNDN5,SAN ANDRES,Fri Sep 28 16:04:00 PDT 2001,1.79,170.00
SCLN5,SANTA CLARA CANY AL,Fri Sep 28 16:27:00 PDT 2001,0.89,190.00
UVSN5,SIERRA DE LAS UVAS,Fri Sep 28 16:30:00 PDT 2001,6.26,140.00
SLMN5,SLAUGHTER,Fri Sep 28 16:19:00 PDT 2001,1.34,270.00
TMPG1,TOWER,Fri Sep 28 16:21:00 PDT 2001,3.58,200.00
ULAN5,UPPER LOS ALAMOS AL,Fri Sep 28 16:26:00 PDT 2001,0.45,290.00
TR317,UPPER SANTA CLARA #,Fri Sep 28 16:25:00 PDT 2001,2.68,180.00
ALLN2,ALLIGATOR RIDGE,Fri Sep 28 16:09:00 PDT 2001,10.28,220.00
BATN2,BEACON LIGHT,Fri Sep 28 16:05:00 PDT 2001,3.58,310.00
BLUN2,BLUEWING MOUNTAIN,Fri Sep 28 16:06:00 PDT 2001,4.47,320.00
BUFN2,BUFFALO CREEK,Fri Sep 28 16:11:00 PDT 2001,2.68,280.00
CEDN2,CEDAR PASS,Fri Sep 28 16:29:00 PDT 2001,4.02,160.00
COMN2,COMBS CANYON,Fri Sep 28 16:26:00 PDT 2001,4.02,190.00
COYN2,COYOTE WASH,Fri Sep 28 16:28:00 PDT 2001,4.02,190.00
CRSN2,CRANE SPRINGS,Fri Sep 28 16:11:00 PDT 2001,6.26,350.00
DEDN2,DEAD CAMEL MOUNTAIN,Fri Sep 28 16:03:00 PDT 2001,2.24,290.00
GRVN2,DESATOYA MOUNTAIN,Fri Sep 28 16:13:00 PDT 2001,2.68,250.00
DESN2,DESERT SPRINGS,Fri Sep 28 16:22:00 PDT 2001,2.24,280.00
DRYN2,DRY CANYON,Fri Sep 28 16:30:00 PDT 2001,1.34,300.00
FISN2,FISH SPRINGS,Fri Sep 28 16:02:00 PDT 2001,5.81,310.00
IMWN2,IMMIGRATION WASH,Fri Sep 28 16:28:00 PDT 2001,7.15,230.00
KNSN2,KANE SPRINGS,Fri Sep 28 16:28:00 PDT 2001,5.81,160.00
KYCN2,KYLE CANYON,Fri Sep 28 16:16:00 PDT 2001,3.58,180.00
LONN2,LONG HOLLOW,Fri Sep 28 16:11:00 PDT 2001,1.79,130.00
LDXU1,LOWER DIXIE,Fri Sep 28 16:20:00 PDT 2001,3.13,340.00
MORN2,MOREY CREEK,Fri Sep 28 16:07:00 PDT 2001,5.36,280.00
MTSN2,MOUNTAIN SPRINGS,Fri Sep 28 16:16:00 PDT 2001,6.26,240.00
ORWN2,ORIENTAL WASH,Fri Sep 28 16:27:00 PDT 2001,4.92,160.00
PANN2,PANCAKE,Fri Sep 28 16:26:00 PDT 2001,4.92,30.00
RRKN2,RED ROCK,Fri Sep 28 16:19:00 PDT 2001,5.36,200.00
RSCN2,ROCK SPRING CREEK,Fri Sep 28 16:30:00 PDT 2001,5.81,330.00
SIAN2,SIARD,Fri Sep 28 16:30:00 PDT 2001,5.36,270.00
SPMN2,SPRUCE MOUNTAIN,Fri Sep 28 16:18:00 PDT 2001,7.15,230.00
STMN2,STAG MOUNTAIN,Fri Sep 28 16:10:00 PDT 2001,3.13,290.00
UPDN2,UPPER DIXIE,Fri Sep 28 16:23:00 PDT 2001,3.13,300.00
F1592,WICHITA,Fri Sep 28 16:09:00 PDT 2001,1.79,120.00
ALFO3,ALLISON,Fri Sep 28 16:18:00 PDT 2001,4.47,220.00
ATFO3,ANTELOPE,Fri Sep 28 16:12:00 PDT 2001,3.13,250.00
BQFO3,BASQUE HILLS,Fri Sep 28 16:07:00 PDT 2001,4.02,20.00
TR322,BLACK MTN #2 - FTS,Fri Sep 28 16:23:00 PDT 2001,2.24,270.00
BEFO3,BLUE RIDGE,Fri Sep 28 16:27:00 PDT 2001,4.02,270.00
BCFO3,BOARD CREEK,Fri Sep 28 16:25:00 PDT 2001,1.79,290.00
PKFO3,BUCKEYE,Fri Sep 28 16:14:00 PDT 2001,0.00,250.00
BUCO3,BUCKHORN SPRINGS,Fri Sep 28 16:04:00 PDT 2001,2.24,340.00
BNFO3,BURNT MOUNTAIN,Fri Sep 28 16:30:00 PDT 2001,0.00,40.00
CVFO3,CALVERT PEAK,Fri Sep 28 16:07:00 PDT 2001,0.00,350.00
CTWO3,CAMP 2,Fri Sep 28 16:25:00 PDT 2001,1.79,20.00
CPFO3,CRANE PRAIRIE,Fri Sep 28 16:11:00 PDT 2001,0.89,180.00
CWFO3,CROW FLAT,Fri Sep 28 16:11:00 PDT 2001,0.45,120.00
TR324,DESCHUTES PORTABLE,Fri Sep 28 16:02:00 PDT 2001,2.68,300.00
ENFO3,EDEN,Fri Sep 28 16:16:00 PDT 2001,1.79,70.00
EVFO3,EVANS CREEK,Fri Sep 28 16:06:00 PDT 2001,0.89,290.00
FMFO3,FALL MOUNTAIN,Fri Sep 28 16:11:00 PDT 2001,1.79,320.00
FFFO3,FISH FIN RIM,Fri Sep 28 16:30:00 PDT 2001,2.24,130.00
GRBO3,GERBER RESERVOIR,Fri Sep 28 16:12:00 PDT 2001,0.89,160.00
GSFO3,GRASSY MOUNTAIN,Fri Sep 28 16:10:00 PDT 2001,4.47,330.00
SBFO3,ILLINOIS VALLEY AIR,Fri Sep 28 16:08:00 PDT 2001,1.34,110.00
JRFO3,J RIDGE,Fri Sep 28 16:23:00 PDT 2001,0.00,80.00
KEEO3,KEENEY TWO,Fri Sep 28 16:11:00 PDT 2001,0.89,60.00
KBFO3,KELSAY BUTTE,Fri Sep 28 16:24:00 PDT 2001,4.92,300.00
LBFO3,LAVA BUTTE,Fri Sep 28 16:14:00 PDT 2001,2.24,320.00
LGFO3,LOG CREEK,Fri Sep 28 16:21:00 PDT 2001,1.79,20.00
MLFO3,MERLIN SEED ORCHARD,Fri Sep 28 16:09:00 PDT 2001,0.89,140.00
MEFO3,METOLIUS ARM,Fri Sep 28 16:27:00 PDT 2001,0.45,230.00
WSFO3,MT. WILSON,Fri Sep 28 16:27:00 PDT 2001,1.34,280.00
MMFO3,MUTTON MOUNTAIN,Fri Sep 28 16:27:00 PDT 2001,0.45,80.00
FGFO3,P HILL  (FRENCHGLEN,Fri Sep 28 16:17:00 PDT 2001,1.34,330.00
PANO3,PANHANDLE,Fri Sep 28 16:13:00 PDT 2001,0.00,290.00
PPFO3,POINT PROM II,Fri Sep 28 16:23:00 PDT 2001,0.00,250.00
PYFO3,POLLYWOG,Fri Sep 28 16:31:00 PDT 2001,0.45,100.00
PJFO3,POOR JUG,Fri Sep 28 16:21:00 PDT 2001,0.89,240.00
PRFO3,PROVOLT SEED ORCHAR,Fri Sep 28 16:08:00 PDT 2001,4.47,310.00
RXFO3,RED BOX,Fri Sep 28 16:20:00 PDT 2001,1.79,290.00
RMFO3,RED MOUND,Fri Sep 28 16:16:00 PDT 2001,1.79,290.00
RVFO3,ROVER,Fri Sep 28 16:05:00 PDT 2001,1.79,280.00
TRFO3,SIGNAL TREE,Fri Sep 28 16:29:00 PDT 2001,0.00,50.00
STFO3,STRAWBERRY,Fri Sep 28 16:24:00 PDT 2001,0.89,60.00
SMFO3,SUMMIT,Fri Sep 28 16:24:00 PDT 2001,2.68,250.00
TMFO3,TIMOTHY,Fri Sep 28 16:24:00 PDT 2001,1.79,290.00
WMFO3,WAMIC MILL,Fri Sep 28 16:22:00 PDT 2001,0.00,340.00
F1604,MAGPIE CREEK,Fri Sep 28 16:22:00 PDT 2001,9.39,160.00
F1606,PINE RIDGE,Fri Sep 28 16:27:00 PDT 2001,8.94,150.00
F1612,ARANSAS,Fri Sep 28 16:08:00 PDT 2001,1.79,100.00
F1614,BRAZORIA NWR,Fri Sep 28 16:09:00 PDT 2001,1.34,100.00
F1616,CHISOS BASIN - FTS,Fri Sep 28 16:22:00 PDT 2001,2.68,350.00
F1640,PINERY - FTS,Fri Sep 28 16:06:00 PDT 2001,4.47,90.00
F1620,THE BOWL,Fri Sep 28 16:04:00 PDT 2001,2.24,50.00
ACRU1,AGUA CANYON,Fri Sep 28 16:12:00 PDT 2001,1.79,200.00
ARAU1,ARAGONITE,Fri Sep 28 16:03:00 PDT 2001,5.36,240.00
ASYU1,ASSAY,Fri Sep 28 16:14:00 PDT 2001,4.92,350.00
BADU1,BADGER SPRING,Fri Sep 28 16:04:00 PDT 2001,4.02,210.00
BIVU1,BIG INDIAN VALLEY,Fri Sep 28 16:04:00 PDT 2001,5.81,70.00
BKCU1,BLACK CEDAR,Fri Sep 28 16:07:00 PDT 2001,0.00,190.00
BRPU1,BRUIN POINT,Fri Sep 28 16:07:00 PDT 2001,2.68,70.00
BUKU1,BUCK FLAT,Fri Sep 28 16:14:00 PDT 2001,0.89,90.00
BEUU1,BUES CANYON,Fri Sep 28 16:14:00 PDT 2001,0.00,360.00
CCRU1,CART CREEK,Fri Sep 28 16:06:00 PDT 2001,2.68,240.00
CDMU1,CEDAR MOUNTAIN,Fri Sep 28 16:15:00 PDT 2001,8.05,180.00
CHPU1,CHEPETA,Fri Sep 28 16:05:00 PDT 2001,8.49,180.00
DIAU1,DIAMOND RIM,Fri Sep 28 16:23:00 PDT 2001,4.47,230.00
TR336,FISHLAKE PORTABLE #,Fri Sep 28 16:22:00 PDT 2001,2.68,200.00
FIVU1,FIVE MILE,Fri Sep 28 16:15:00 PDT 2001,5.81,160.00
FTMU1,FLATTOP MOUNTAIN,Fri Sep 28 16:05:00 PDT 2001,5.36,180.00
HWAU1,HEWINTA,Fri Sep 28 16:08:00 PDT 2001,3.58,330.00
HSRU1,HORSE RIDGE,Fri Sep 28 16:06:00 PDT 2001,2.24,170.00
JVAU1,JOES VALLLEY,Fri Sep 28 16:28:00 PDT 2001,3.13,170.00
KAGU1,KANE GULCH,Fri Sep 28 16:27:00 PDT 2001,2.68,180.00
LSCU1,LOST CREEK,Fri Sep 28 16:16:00 PDT 2001,8.05,190.00
TR337,MANTI - PORTABLE #1,Fri Sep 28 16:06:00 PDT 2001,1.34,260.00
MSRU1,MUD SPRING,Fri Sep 28 16:13:00 PDT 2001,6.71,200.00
NWYU1,NORWAY,Fri Sep 28 16:08:00 PDT 2001,0.89,320.00
TR339,NPS #3,Fri Sep 28 16:15:00 PDT 2001,5.81,20.00
PGRU1,PLEASANT GROVE,Fri Sep 28 16:07:00 PDT 2001,2.68,340.00
SBWU1,SEVIER RESERVOIR,Fri Sep 28 16:14:00 PDT 2001,4.92,210.00
SIGU1,SIGNAL PEAK,Fri Sep 28 16:07:00 PDT 2001,8.49,240.00
TBSU1,TOM BEST SPRING,Fri Sep 28 16:16:00 PDT 2001,5.36,160.00
TVWU1,TULE VALLEY,Fri Sep 28 16:15:00 PDT 2001,6.71,230.00
VENU1,VERNON,Fri Sep 28 16:27:00 PDT 2001,6.26,220.00
WRRU1,WHITE REEF,Fri Sep 28 16:04:00 PDT 2001,5.36,230.00
YLSU1,YELLOWSTONE DRAINAG,Fri Sep 28 16:06:00 PDT 2001,4.02,200.00
F1644,SWEEZY,Fri Sep 28 16:20:00 PDT 2001,0.89,320.00
ABNW1,ABERNATHY MTN.,Fri Sep 28 16:12:00 PDT 2001,1.34,210.00
DRYW1,DRY CREEK,Fri Sep 28 16:19:00 PDT 2001,2.68,280.00
EKRW1,ELK ROCK,Fri Sep 28 16:19:00 PDT 2001,1.34,260.00
HRFW1,ELLIS MT,Fri Sep 28 16:16:00 PDT 2001,6.71,130.00
ENFW1,ENTIAT,Fri Sep 28 16:13:00 PDT 2001,2.68,160.00
GWFW1,GREENWATER,Fri Sep 28 16:24:00 PDT 2001,1.34,290.00
GRFW1,GREY BACK,Fri Sep 28 16:11:00 PDT 2001,4.47,220.00
WRFW1,HAMILTON MOUNTAIN,Fri Sep 28 16:15:00 PDT 2001,0.89,260.00
HKFW1,HUCKLEBERRY RIDGE,Fri Sep 28 16:18:00 PDT 2001,0.00,270.00
KOSW1,KOSMOS,Fri Sep 28 16:14:00 PDT 2001,0.45,120.00
MIPW1,MINOT PEAK,Fri Sep 28 16:13:00 PDT 2001,0.45,270.00
OLFW1,OWL MT,Fri Sep 28 16:17:00 PDT 2001,4.47,180.00
PEFW1,PEOH POINT,Fri Sep 28 16:22:00 PDT 2001,1.34,230.00
QUFW1,QUILCENE,Fri Sep 28 16:30:00 PDT 2001,0.89,170.00
MEFW1,SAWMILL FLATS,Fri Sep 28 16:15:00 PDT 2001,1.79,270.00
PIFW1,SEDGE RIDGE,Fri Sep 28 16:21:00 PDT 2001,5.36,140.00
TR345,STEHEKIN,Fri Sep 28 16:31:00 PDT 2001,2.68,330.00
SMFW1,SUMAS,Fri Sep 28 16:20:00 PDT 2001,2.68,170.00
FWFW1,SWAUK,Fri Sep 28 16:15:00 PDT 2001,2.24,160.00
VPFW1,VIEWPOINT,Fri Sep 28 16:31:00 PDT 2001,1.79,260.00
GTGW4,GRAND TETON,Fri Sep 28 16:23:00 PDT 2001,4.02,200.00
QADW4,QUADRANT,Fri Sep 28 16:03:00 PDT 2001,3.58,210.00
RATW4,RATTLESNAKE MTN.,Fri Sep 28 16:26:00 PDT 2001,4.92,270.00
THRW4,THOROFARE,Fri Sep 28 16:11:00 PDT 2001,0.89,70.00
WRVW4,WIND RIVER,Fri Sep 28 16:22:00 PDT 2001,5.81,230.00
BMTC2,Blue_Mountain,Fri Sep 28 16:47:00 PDT 2001,2.68,28.00
QURC2,Quincy_Res,Fri Sep 28 16:47:00 PDT 2001,2.91,174.00
DHPC2,Diamond_Hill,Fri Sep 28 16:47:00 PDT 2001,1.43,152.00
EBBC2,Elbert,Fri Sep 28 16:47:00 PDT 2001,4.11,7.00
SQWC2,Squaw_Mountain,Fri Sep 28 16:47:00 PDT 2001,3.17,202.00
HGCC2,Hiwan_G.C.,Fri Sep 28 16:47:00 PDT 2001,1.34,198.00
HIGC2,Highlands_Ranch_WTP,Fri Sep 28 16:47:00 PDT 2001,2.15,140.00
SAPC2,Salisbury_Park,Fri Sep 28 16:47:00 PDT 2001,2.55,118.00
COKC2,Castle_Rock,Fri Sep 28 16:47:00 PDT 2001,2.50,73.00
WRDC2,Ward_C-1,Fri Sep 28 16:47:00 PDT 2001,0.31,338.00
LEWC2,Louisville_Lake,Fri Sep 28 16:47:00 PDT 2001,0.36,270.00
CALC2,Cal-Wood_Ranch,Fri Sep 28 16:47:00 PDT 2001,0.00,45.00
BTRC2,Button_Rock,Fri Sep 28 16:47:00 PDT 2001,0.00,135.00
CSUF,CSU Foothills Campus                  ColoState,Fri Sep 28 16:40:00 PDT 2001,1.83,154.00
CSUF,CSU Foothills Campus                  ColoState,Fri Sep 28 16:45:00 PDT 2001,1.43,147.00
FORC2,CSU Campus                            ColoState,Fri Sep 28 16:30:00 PDT 2001,1.25,165.00
NCARM,NCAR Table Mesa                       NCAR,Fri Sep 28 16:38:21 PDT 2001,2.82,332.00
NCARF,NCAR Foothills Lab                    NCAR,Fri Sep 28 16:40:55 PDT 2001,0.89,300.00
BLDF1,Belle Glade                            FAWN,Fri Sep 28 16:45:00 PDT 2001,1.04,112.10
PHAF1,Putnam Hall                            FAWN,Fri Sep 28 16:45:00 PDT 2001,0.63,33.52
TRAF1,Citra                                  FAWN,Fri Sep 28 16:45:00 PDT 2001,2.11,50.14
ALHF1,Alachua                                FAWN,Fri Sep 28 16:45:00 PDT 2001,2.47,74.20
STNF1,Hastings                               FAWN,Fri Sep 28 16:45:00 PDT 2001,1.81,348.70
CKHF1,Ocklawaha                              FAWN,Fri Sep 28 16:45:00 PDT 2001,1.48,56.68
EPRF1,Pierson                                FAWN,Fri Sep 28 16:30:00 PDT 2001,1.51,9.01
VRSF1,Tavares                                FAWN,Fri Sep 28 16:45:00 PDT 2001,2.50,47.87
UMLF1,Umatilla                               FAWN,Fri Sep 28 16:45:00 PDT 2001,2.36,30.27
KHPF1,Okahumpka                              FAWN,Fri Sep 28 16:45:00 PDT 2001,1.55,58.64
VLNF1,Avalon                                 FAWN,Fri Sep 28 16:45:00 PDT 2001,0.56,30.27
KSLF1,Brooksville                            FAWN,Fri Sep 28 16:45:00 PDT 2001,2.43,50.98
POPF1,Apopka                                 FAWN,Fri Sep 28 16:45:00 PDT 2001,2.29,62.40
KALF1,Lake Alfred                            FAWN,Fri Sep 28 16:45:00 PDT 2001,2.19,72.10
DNTF1,Bradenton                              FAWN,Fri Sep 28 16:45:00 PDT 2001,1.49,33.97
FDLF1,Fort Lauderdale                        FAWN,Fri Sep 28 16:45:00 PDT 2001,0.63,46.99
PCEF1,Fort Pierce                            FAWN,Fri Sep 28 16:45:00 PDT 2001,1.58,178.50
STDF1,Homestead                              FAWN,Fri Sep 28 16:45:00 PDT 2001,1.53,70.60
IMKF1,Immokalee                              FAWN,Fri Sep 28 16:45:00 PDT 2001,1.55,142.90
C1,Niwot Ridge C1                        NiwotRidge,Fri Sep 28 16:00:00 PDT 2001,1.79,162.00
CSUF,CSU Foothills Campus                  ColoState,Fri Sep 28 16:50:00 PDT 2001,1.03,148.00
CSUF,CSU Foothills Campus                  ColoState,Fri Sep 28 16:55:00 PDT 2001,0.76,167.00
FORC2,CSU Campus                            ColoState,Fri Sep 28 16:40:00 PDT 2001,0.45,153.00
FORC2,CSU Campus                            ColoState,Fri Sep 28 16:50:00 PDT 2001,0.27,153.00
NCARM,NCAR Table Mesa                       NCAR,Fri Sep 28 16:53:21 PDT 2001,3.31,325.00
NCARF,NCAR Foothills Lab                    NCAR,Fri Sep 28 16:55:55 PDT 2001,1.70,236.00
F1274,BROADVIEW,Fri Sep 28 16:44:00 PDT 2001,0.45,300.00
F1291,GRANITE,Fri Sep 28 16:44:00 PDT 2001,0.45,60.00
F1295,HELMUT MTN.,Fri Sep 28 16:41:00 PDT 2001,2.68,30.00
F1296,HODZANA,Fri Sep 28 16:42:00 PDT 2001,0.45,200.00
F1297,HOGATZA RIVER,Fri Sep 28 16:39:00 PDT 2001,0.45,170.00
F1302,JATAHMUND LAKE,Fri Sep 28 16:43:00 PDT 2001,2.24,60.00
F1304,KAIYUH,Fri Sep 28 16:46:00 PDT 2001,4.47,20.00
F1306,KANUTI NWR,Fri Sep 28 16:46:00 PDT 2001,1.79,10.00
F1310,KENAI LAKE,Fri Sep 28 16:44:00 PDT 2001,0.00,270.00
F1311,KENAI NWR,Fri Sep 28 16:47:00 PDT 2001,2.24,10.00
F1314,KILBUCK,Fri Sep 28 16:47:00 PDT 2001,6.26,10.00
F1330,POORMAN,Fri Sep 28 16:40:00 PDT 2001,0.00,50.00
F1333,QUARTZ CREEK,Fri Sep 28 16:41:00 PDT 2001,6.26,300.00
TR065,CARR,Fri Sep 28 16:37:00 PDT 2001,1.34,230.00
QCKA3,CROWN KING,Fri Sep 28 16:54:00 PDT 2001,1.34,180.00
QDLA3,DRY LAKE,Fri Sep 28 16:36:00 PDT 2001,5.36,180.00
QFSA3,FOUR SPRINGS,Fri Sep 28 16:40:00 PDT 2001,3.58,180.00
TR229,FRWS-11,Fri Sep 28 16:50:00 PDT 2001,0.89,30.00
QLCA3,LIMESTONE CANYON,Fri Sep 28 16:36:00 PDT 2001,4.02,190.00
TR064,NOON CREEK,Fri Sep 28 16:37:00 PDT 2001,4.02,50.00
QPPA3,PARIA POINT,Fri Sep 28 16:40:00 PDT 2001,2.24,190.00
TR072,PORTABLEKNF1,Fri Sep 28 16:37:00 PDT 2001,1.34,240.00
QHVA3,RINCON,Fri Sep 28 16:57:00 PDT 2001,1.79,110.00
QSBA3,SASABE,Fri Sep 28 16:33:00 PDT 2001,1.79,30.00
QSLA3,SOLLERS,Fri Sep 28 16:37:00 PDT 2001,0.89,180.00
TR075,TONTO PORTABLE #2,Fri Sep 28 16:45:00 PDT 2001,0.45,180.00
F1373,83 MONUMENT,Fri Sep 28 16:56:00 PDT 2001,2.24,220.00
ALDC1,ALDER POINT,Fri Sep 28 16:48:00 PDT 2001,0.89,210.00
ECKC1,ALDER SPRINGS,Fri Sep 28 16:42:00 PDT 2001,1.79,140.00
ANEC1,ALPINE,Fri Sep 28 16:53:00 PDT 2001,0.00,300.00
PLIC1,ARBUCKLE BASIN,Fri Sep 28 16:49:00 PDT 2001,3.58,110.00
MCCC1,ASH CREEK,Fri Sep 28 16:44:00 PDT 2001,1.34,200.00
TR084,BACKBONE,Fri Sep 28 16:47:00 PDT 2001,0.89,160.00
BNGC1,BANGOR,Fri Sep 28 16:53:00 PDT 2001,2.24,230.00
BENC1,BEN BOLT,Fri Sep 28 16:59:00 PDT 2001,2.68,260.00
BVRC1,BEVERLY HILLS,Fri Sep 28 16:39:00 PDT 2001,4.02,200.00
BGBC1,BIG BAR,Fri Sep 28 16:47:00 PDT 2001,2.24,260.00
PIBC1,BLACK DIAMOND,Fri Sep 28 16:34:00 PDT 2001,4.92,290.00
BKRC1,BLACKROCK,Fri Sep 28 16:34:00 PDT 2001,1.34,290.00
BDOC1,BLUE DOOR,Fri Sep 28 16:32:00 PDT 2001,2.68,360.00
BUGC1,BLUE RIDGE (KNF),Fri Sep 28 16:47:00 PDT 2001,2.24,260.00
BNVC1,BOONVILLE,Fri Sep 28 16:56:00 PDT 2001,5.36,120.00
BZRC1,BRAZIE RANCH,Fri Sep 28 16:45:00 PDT 2001,1.79,110.00
BKSC1,BROOKS,Fri Sep 28 16:58:00 PDT 2001,1.34,130.00
BCNC1,BURNS CANYON,Fri Sep 28 16:56:00 PDT 2001,3.13,350.00
PEAC1,CALAVERAS ROAD,Fri Sep 28 16:39:00 PDT 2001,5.81,240.00
CLNC1,CALLAHAN,Fri Sep 28 16:46:00 PDT 2001,0.45,310.00
CNIC1,CAMP 9,Fri Sep 28 16:37:00 PDT 2001,7.15,160.00
TR094,CARPENTER RIDGE,Fri Sep 28 16:52:00 PDT 2001,1.79,320.00
CSPC1,CASE SPRINGS,Fri Sep 28 16:45:00 PDT 2001,2.68,260.00
TR376,CASHMAN,Fri Sep 28 16:59:00 PDT 2001,5.81,210.00
TMPA7,CEDAR GROVE,Fri Sep 28 16:57:00 PDT 2001,2.68,270.00
TR117,CEDARVILLE PORTABLE,Fri Sep 28 16:34:00 PDT 2001,1.34,350.00
CEEC1,CHEESEBORO,Fri Sep 28 16:59:00 PDT 2001,4.92,240.00
CICC1,CHICO,Fri Sep 28 16:53:00 PDT 2001,1.34,280.00
CHOC1,CHILAO,Fri Sep 28 16:35:00 PDT 2001,4.92,160.00
CMOC1,CLAREMONT,Fri Sep 28 16:40:00 PDT 2001,3.58,250.00
CTGC1,CMP TARGET RANGE,Fri Sep 28 16:41:00 PDT 2001,3.13,160.00
CSTC1,COHASSET,Fri Sep 28 16:52:00 PDT 2001,2.68,260.00
BLDC1,COLLINS BALDY,Fri Sep 28 16:44:00 PDT 2001,2.24,290.00
CRGC1,CORNING,Fri Sep 28 16:51:00 PDT 2001,1.79,350.00
CNAC1,CORONA,Fri Sep 28 16:53:00 PDT 2001,2.24,300.00
WISC1,COUNTY LINE,Fri Sep 28 16:48:00 PDT 2001,2.24,60.00
TR247,COVINGTON,Fri Sep 28 16:53:00 PDT 2001,5.36,210.00
CRZC1,CRAZY PEAK,Fri Sep 28 16:49:00 PDT 2001,0.45,40.00
CRVC1,CRESTVIEW,Fri Sep 28 16:43:00 PDT 2001,4.02,50.00
DLVC1,DEL VALLE,Fri Sep 28 16:41:00 PDT 2001,3.58,260.00
DENC1,DESCANSO,Fri Sep 28 16:33:00 PDT 2001,2.24,220.00
ATSC1,DEVILS GARDEN,Fri Sep 28 16:46:00 PDT 2001,2.24,320.00
DPPC1,DEVILS POST PILE,Fri Sep 28 16:46:00 PDT 2001,0.89,280.00
DOGC1,DOG VALLEY,Fri Sep 28 16:47:00 PDT 2001,0.45,200.00
DRSC1,DORRIS RANCH,Fri Sep 28 16:54:00 PDT 2001,0.89,200.00
DYLC1,DOYLE,Fri Sep 28 16:42:00 PDT 2001,3.13,340.00
EELC1,EEL RIVER (MNF),Fri Sep 28 16:42:00 PDT 2001,1.34,260.00
TR354,EEL RIVER CAMP,Fri Sep 28 16:48:00 PDT 2001,1.79,160.00
TR130,FORT HUNTER LIGGET-,Fri Sep 28 16:50:00 PDT 2001,3.13,360.00
GQEC1,GASQUET,Fri Sep 28 16:53:00 PDT 2001,0.45,280.00
GOSC1,GOOSE VALLEY,Fri Sep 28 16:58:00 PDT 2001,3.13,280.00
GNTC1,GRANITE MOUNTAIN,Fri Sep 28 16:34:00 PDT 2001,7.60,250.00
GRSC1,GRASSHOPPER,Fri Sep 28 16:47:00 PDT 2001,0.89,290.00
HWKC1,HAWKEYE,Fri Sep 28 16:57:00 PDT 2001,3.13,210.00
TMPB6,HAYFORK,Fri Sep 28 16:33:00 PDT 2001,0.89,280.00
HGLC1,HIGH GLADE LOOKOUT,Fri Sep 28 16:43:00 PDT 2001,4.02,190.00
TR352,HIGH SIERRA,Fri Sep 28 16:50:00 PDT 2001,1.79,320.00
TMPB7,HOOPAH,Fri Sep 28 16:59:00 PDT 2001,2.68,300.00
HLKC1,HORSE LAKE,Fri Sep 28 16:54:00 PDT 2001,2.24,350.00
JWBC1,JAWBONE,Fri Sep 28 16:53:00 PDT 2001,9.83,270.00
JSNC1,JOHNSONDALE,Fri Sep 28 16:34:00 PDT 2001,2.24,230.00
JTAC1,JUANITA LAKE,Fri Sep 28 16:45:00 PDT 2001,0.45,310.00
KRNC1,KERNVILLE,Fri Sep 28 16:34:00 PDT 2001,4.92,170.00
KELC1,KONOCTI,Fri Sep 28 16:57:00 PDT 2001,3.58,270.00
LTRC1,LAS TRAMPAS,Fri Sep 28 16:35:00 PDT 2001,4.02,220.00
LSNC1,LASSEN LODGE,Fri Sep 28 16:50:00 PDT 2001,0.89,270.00
TR355,LAYTONVILLE,Fri Sep 28 16:56:00 PDT 2001,1.79,350.00
LCBC1,LEO CARRILLO,Fri Sep 28 16:42:00 PDT 2001,6.26,250.00
LICC1,LINCOLN,Fri Sep 28 16:55:00 PDT 2001,2.24,340.00
LOAC1,LOS ALTOS,Fri Sep 28 16:40:00 PDT 2001,0.89,70.00
LSFC1,LSF LAS FLORES,Fri Sep 28 16:40:00 PDT 2001,2.68,220.00
MBUC1,MALIBU HILLS,Fri Sep 28 16:36:00 PDT 2001,0.89,160.00
MPCC1,MAPLE CREEK,Fri Sep 28 16:48:00 PDT 2001,1.79,100.00
MCGC1,MCGUIRES,Fri Sep 28 16:55:00 PDT 2001,2.24,110.00
TMPC7,MENDOCINO PASS,Fri Sep 28 16:42:00 PDT 2001,4.47,280.00
MLCC1,MILL CREEK (ANF),Fri Sep 28 16:35:00 PDT 2001,5.81,210.00
MTZC1,MOUNT ZION,Fri Sep 28 16:59:00 PDT 2001,1.79,320.00
MSAC1,MT. SHASTA,Fri Sep 28 16:38:00 PDT 2001,3.13,320.00
NOFC1,NORTH FORK,Fri Sep 28 16:32:00 PDT 2001,0.89,30.00
IDPC1,OAK CREEK,Fri Sep 28 16:47:00 PDT 2001,2.68,170.00
OKNC1,OAK KNOLL,Fri Sep 28 16:45:00 PDT 2001,1.34,230.00
OORC1,OAK OPENING,Fri Sep 28 16:59:00 PDT 2001,1.79,260.00
ONOC1,OAKLAND NORTH,Fri Sep 28 16:33:00 PDT 2001,2.68,10.00
OKSC1,OAKLAND SOUTH,Fri Sep 28 16:33:00 PDT 2001,4.02,210.00
OPLC1,OPAL MOUNTAIN,Fri Sep 28 16:58:00 PDT 2001,5.36,240.00
PRGC1,PARK RIDGE,Fri Sep 28 16:55:00 PDT 2001,0.89,270.00
PMCC1,PATTYMOCUS,Fri Sep 28 16:46:00 PDT 2001,0.89,140.00
PLTC1,PILOT HILL,Fri Sep 28 16:58:00 PDT 2001,1.34,270.00
PHRC1,PINEHURST,Fri Sep 28 16:45:00 PDT 2001,1.34,200.00
PPPC1,POPPY PARK,Fri Sep 28 16:38:00 PDT 2001,9.39,280.00
PUGC1,PULGAS,Fri Sep 28 16:38:00 PDT 2001,4.02,310.00
QTZC1,QUARTZ HILL,Fri Sep 28 16:44:00 PDT 2001,0.89,90.00
MKGC1,RATTLESNAKE,Fri Sep 28 16:55:00 PDT 2001,3.13,170.00
TR183,REDDING,Fri Sep 28 16:49:00 PDT 2001,1.79,30.00
RDVC1,RODEO VALLEY,Fri Sep 28 16:55:00 PDT 2001,1.79,10.00
RSPC1,ROSE PEAK,Fri Sep 28 16:35:00 PDT 2001,3.13,200.00
RNDC1,ROUND MOUNTAIN,Fri Sep 28 16:46:00 PDT 2001,1.79,240.00
TR186,SAC NWR,Fri Sep 28 16:41:00 PDT 2001,1.79,360.00
SRTC1,SANTA RITA,Fri Sep 28 16:43:00 PDT 2001,3.13,330.00
RSAC1,SANTA ROSA,Fri Sep 28 16:57:00 PDT 2001,4.02,350.00
SAUC1,SAUGUS,Fri Sep 28 16:36:00 PDT 2001,5.36,170.00
SWBC1,SAWYERS BAR,Fri Sep 28 16:46:00 PDT 2001,3.13,250.00
CFCC1,SCORPION,Fri Sep 28 16:48:00 PDT 2001,0.89,190.00
SETC1,SECRET TOWN,Fri Sep 28 16:54:00 PDT 2001,1.34,250.00
SMSC1,SIMS,Fri Sep 28 16:48:00 PDT 2001,0.89,200.00
ATRC1,SLATER BUTTE,Fri Sep 28 16:44:00 PDT 2001,0.89,240.00
SOAC1,SODA CREEK,Fri Sep 28 16:43:00 PDT 2001,1.79,100.00
SDRC1,SOLDIER MTN,Fri Sep 28 16:49:00 PDT 2001,2.24,280.00
SMBC1,SOMES BAR,Fri Sep 28 16:44:00 PDT 2001,1.79,170.00
SQSC1,SQUAW SPRINGS,Fri Sep 28 16:37:00 PDT 2001,4.47,180.00
TMPE0,STONYFORD,Fri Sep 28 16:43:00 PDT 2001,0.45,320.00
HUMC1,SUGARLOAF,Fri Sep 28 16:56:00 PDT 2001,0.89,30.00
SLFC1,SUGARLOAF (SHF),Fri Sep 28 16:48:00 PDT 2001,1.34,170.00
TANC1,TANBARK,Fri Sep 28 16:35:00 PDT 2001,3.13,240.00
TCKC1,THOMES CREEK,Fri Sep 28 16:51:00 PDT 2001,1.34,110.00
TCAC1,TRINITY CAMP,Fri Sep 28 16:50:00 PDT 2001,3.13,180.00
TMPE3,UHL,Fri Sep 28 16:59:00 PDT 2001,0.89,250.00
VABC1,VAN BREMMER,Fri Sep 28 16:45:00 PDT 2001,2.24,260.00
WALC1,WALKER,Fri Sep 28 16:47:00 PDT 2001,7.15,270.00
ONYC1,WALKER PASS,Fri Sep 28 16:56:00 PDT 2001,1.34,300.00
WMSC1,WARM SPRINGS,Fri Sep 28 16:35:00 PDT 2001,3.13,10.00
TMPE4,WEAVERVILLE,Fri Sep 28 16:47:00 PDT 2001,0.89,260.00
WEEC1,WEED AIRPORT,Fri Sep 28 16:45:00 PDT 2001,1.34,360.00
WWDC1,WESTWOOD,Fri Sep 28 16:47:00 PDT 2001,3.13,240.00
WITC1,WHITMORE,Fri Sep 28 16:49:00 PDT 2001,0.00,250.00
WTHC1,WHITTIER HILLS,Fri Sep 28 16:42:00 PDT 2001,3.58,220.00
WVTC1,WOLVERTON,Fri Sep 28 16:56:00 PDT 2001,1.34,220.00
TOMC1,YOLLA BOLLA,Fri Sep 28 16:46:00 PDT 2001,0.45,250.00
BAWC2,BAILEY,Fri Sep 28 16:52:00 PDT 2001,0.00,60.00
BHRC2,BIG HORN,Fri Sep 28 16:54:00 PDT 2001,2.24,180.00
BLPC2,BLUE PARK,Fri Sep 28 16:55:00 PDT 2001,3.58,140.00
TR203,BOULDER,Fri Sep 28 16:55:00 PDT 2001,0.00,290.00
CHRC2,CHEESEMAN,Fri Sep 28 16:53:00 PDT 2001,1.34,110.00
CEKC2,CORRAL CREEK,Fri Sep 28 16:59:00 PDT 2001,1.34,340.00
CUHC2,CUCHARA,Fri Sep 28 16:54:00 PDT 2001,0.89,160.00
DHOC2,DEAD HORSE,Fri Sep 28 16:58:00 PDT 2001,2.24,340.00
DMMC2,DEMAREE,Fri Sep 28 16:52:00 PDT 2001,3.58,200.00
DYKC2,DEVIL MTN.,Fri Sep 28 16:56:00 PDT 2001,0.89,250.00
DJTC2,DOWD JUNCTION,Fri Sep 28 16:58:00 PDT 2001,0.89,150.00
DRYC2,DRY LAKE,Fri Sep 28 16:55:00 PDT 2001,0.45,230.00
ESPC2,ESTES PARK,Fri Sep 28 16:55:00 PDT 2001,0.00,80.00
FCRC2,FT. CARSON,Fri Sep 28 16:54:00 PDT 2001,1.79,140.00
LKGC2,LAKE GEORGE,Fri Sep 28 16:53:00 PDT 2001,1.79,140.00
LDRC2,LITTLE DELORES,Fri Sep 28 16:52:00 PDT 2001,3.13,280.00
NPSC2,LUJAN,Fri Sep 28 16:50:00 PDT 2001,2.68,160.00
MPRC2,MCCLURE PASS,Fri Sep 28 16:58:00 PDT 2001,2.68,220.00
PKLC2,PICKLE GULCH,Fri Sep 28 16:59:00 PDT 2001,3.13,210.00
PNRC2,PINE RIDGE,Fri Sep 28 16:36:00 PDT 2001,3.58,270.00
CCEC2,PINION CANYON,Fri Sep 28 16:54:00 PDT 2001,4.47,140.00
PCPC2,PORCUPINE CR.,Fri Sep 28 16:56:00 PDT 2001,1.79,280.00
TR206,PSF1 - PORTABLE - S,Fri Sep 28 16:46:00 PDT 2001,0.89,110.00
TR208,PSF3 - PORTABLE - F,Fri Sep 28 16:46:00 PDT 2001,2.68,100.00
RDKC2,RED DEER,Fri Sep 28 16:53:00 PDT 2001,3.13,200.00
RFRC2,REDFEATHER,Fri Sep 28 16:55:00 PDT 2001,4.47,150.00
SAWC2,SALTER,Fri Sep 28 16:56:00 PDT 2001,4.02,200.00
SDVC2,SAN DOVAL,Fri Sep 28 16:53:00 PDT 2001,0.89,250.00
SPKC2,SANBORN PARK,Fri Sep 28 16:57:00 PDT 2001,2.68,280.00
SODC2,SODA CREEK,Fri Sep 28 16:58:00 PDT 2001,1.79,140.00
TAPC2,TAYLOR PARK,Fri Sep 28 16:50:00 PDT 2001,2.68,160.00
WLCC2,WILLIS CREEK,Fri Sep 28 16:52:00 PDT 2001,2.24,120.00
WICC2,WILLOW CREEK,Fri Sep 28 16:55:00 PDT 2001,3.13,310.00
F1467,MILES CITY RAWS,Fri Sep 28 16:35:00 PDT 2001,0.89,210.00
F1468,OCHOPEE RAWS,Fri Sep 28 16:36:00 PDT 2001,0.00,170.00
F1469,RACCOON POINT RAWS,Fri Sep 28 16:36:00 PDT 2001,0.00,100.00
F1472,KAHUKU TRAINING ARE,Fri Sep 28 16:59:00 PDT 2001,7.15,90.00
F1477,MAKUA RANGE,Fri Sep 28 16:58:00 PDT 2001,4.47,70.00
F1478,MAKUA RIDGE,Fri Sep 28 16:58:00 PDT 2001,4.92,30.00
F1479,PALI2,Fri Sep 28 16:48:00 PDT 2001,9.39,30.00
F1480,PTA EAST,Fri Sep 28 16:59:00 PDT 2001,6.26,90.00
F1481,PTA KIPUKA ALALA,Fri Sep 28 16:55:00 PDT 2001,4.47,310.00
F1482,PTA PORTABLE,Fri Sep 28 16:57:00 PDT 2001,3.58,290.00
F1483,PTA WEST,Fri Sep 28 16:56:00 PDT 2001,4.02,340.00
F1484,SCHOFIELD BARRACKS,Fri Sep 28 16:57:00 PDT 2001,4.47,60.00
F1485,SCHOFIELD EAST,Fri Sep 28 16:58:00 PDT 2001,1.79,50.00
F1486,SCHOFIELD PORTABLE,Fri Sep 28 16:59:00 PDT 2001,3.13,90.00
ACRI1,ARCO,Fri Sep 28 16:34:00 PDT 2001,4.02,240.00
BULI1,BULL SPRING,Fri Sep 28 16:59:00 PDT 2001,4.47,340.00
GRAI1,GRACE,Fri Sep 28 16:35:00 PDT 2001,3.13,210.00
IPFI1,ISLAND PARK,Fri Sep 28 16:33:00 PDT 2001,1.79,290.00
MYFI1,MOODY,Fri Sep 28 16:43:00 PDT 2001,0.00,10.00
MKBI1,MULKEY BAR,Fri Sep 28 16:33:00 PDT 2001,6.71,180.00
OHOI1,OHIO GULCH,Fri Sep 28 16:35:00 PDT 2001,4.47,210.00
PCNI1,POLE CANYON,Fri Sep 28 16:49:00 PDT 2001,3.13,250.00
PBUI1,POTTER BUTTE,Fri Sep 28 16:47:00 PDT 2001,4.47,10.00
RFTI1,RAFT RIVER,Fri Sep 28 16:35:00 PDT 2001,4.02,290.00
RDKI1,ROAD CREEK,Fri Sep 28 16:43:00 PDT 2001,8.05,220.00
ROCI1,ROCK LAKE,Fri Sep 28 16:58:00 PDT 2001,4.47,290.00
SMYI1,SALMON,Fri Sep 28 16:52:00 PDT 2001,3.13,340.00
TR368,SALMON/CHALLIS PORT,Fri Sep 28 16:52:00 PDT 2001,2.68,360.00
TR259,TESS  - PORTABLE,Fri Sep 28 16:38:00 PDT 2001,0.00,330.00
TWBI1,TWIN BUTTES,Fri Sep 28 16:40:00 PDT 2001,5.81,300.00
F1672,MOOSEHORN - FTS,Fri Sep 28 16:32:00 PDT 2001,0.45,310.00
F1718,SUPERIOR #1,Fri Sep 28 16:36:00 PDT 2001,15.65,130.00
F1719,SUPERIOR #2,Fri Sep 28 16:36:00 PDT 2001,3.58,150.00
LMRM8,ANTELOPE,Fri Sep 28 16:59:00 PDT 2001,6.26,140.00
BLUM8,BLUFF CREEK,Fri Sep 28 16:51:00 PDT 2001,4.02,20.00
CACM8,CANNONBALL CREEK,Fri Sep 28 16:54:00 PDT 2001,7.15,160.00
TR268,CONDON WORK CENTER,Fri Sep 28 16:01:00 PDT 2001,4.02,320.00
DBCM8,DRY BLOOD CREEK,Fri Sep 28 16:45:00 PDT 2001,3.58,340.00
HRWM8,HELENA,Fri Sep 28 16:32:00 PDT 2001,4.47,190.00
KIGM8,KING COULEE,Fri Sep 28 16:51:00 PDT 2001,4.02,210.00
LBHM8,LITTLE BIGHORN,Fri Sep 28 16:55:00 PDT 2001,4.02,360.00
LBCM8,LITTLE BULLWHACKER,Fri Sep 28 16:45:00 PDT 2001,2.24,10.00
LSNM8,LITTLE SNOWY,Fri Sep 28 16:35:00 PDT 2001,1.79,40.00
MCDM8,MANNING CORRAL DOGT,Fri Sep 28 16:45:00 PDT 2001,4.47,40.00
PNHM8,PINE HILL,Fri Sep 28 16:41:00 PDT 2001,4.92,150.00
SBFM8,SOUTH BRIDGER,Fri Sep 28 16:36:00 PDT 2001,2.68,150.00
STVM8,STEVI,Fri Sep 28 16:42:00 PDT 2001,4.02,10.00
STKM8,STINKWATER CREEK,Fri Sep 28 16:56:00 PDT 2001,0.89,340.00
TR300,WEST GLACIER,Fri Sep 28 16:47:00 PDT 2001,1.34,220.00
ALDM8,ZORTMAN MINE,Fri Sep 28 16:44:00 PDT 2001,1.34,320.00
F1563,NATURE CONSERVANCY,Fri Sep 28 16:58:00 PDT 2001,2.68,30.00
F1565,WHITEVILLE,Fri Sep 28 16:00:00 PDT 2001,1.34,350.00
F1573,BESSEY,Fri Sep 28 16:52:00 PDT 2001,0.00,150.00
F1577,KINGS CANYON,Fri Sep 28 16:52:00 PDT 2001,7.15,160.00
F1708,SCOTTS BLUFF - FTS,Fri Sep 28 16:49:00 PDT 2001,4.47,100.00
BATN5,BATDRAW,Fri Sep 28 16:45:00 PDT 2001,5.36,170.00
GJCN5,GUAJE ALERT #6,Fri Sep 28 16:35:00 PDT 2001,3.58,200.00
TMPF9,MESCAL,Fri Sep 28 16:49:00 PDT 2001,4.02,280.00
PJRN5,PAJARITO ALERT #3,Fri Sep 28 16:32:00 PDT 2001,0.00,230.00
TR313,QUEMAZON CANY #1,Fri Sep 28 16:33:00 PDT 2001,0.89,220.00
WTRN5,WATER CANY ALERT #2,Fri Sep 28 16:32:00 PDT 2001,1.79,190.00
ALRN2,ANTELOPE LAKE,Fri Sep 28 16:54:00 PDT 2001,4.47,280.00
ARGN2,ARGENTA,Fri Sep 28 16:00:00 PDT 2001,4.02,260.00
BRLN2,BARREL SPRINGS,Fri Sep 28 16:57:00 PDT 2001,0.89,200.00
CATN2,CATNIP MOUNTAIN,Fri Sep 28 16:44:00 PDT 2001,1.79,310.00
CTLN2,CATTLE CAMP,Fri Sep 28 16:59:00 PDT 2001,3.13,270.00
COIN2,COILS CREEK,Fri Sep 28 16:36:00 PDT 2001,6.26,310.00
CCRN2,CURRANT CREEK,Fri Sep 28 16:49:00 PDT 2001,3.58,230.00
GDNN2,ELY,Fri Sep 28 16:39:00 PDT 2001,5.81,200.00
FOXN2,FOX MOUNTAIN,Fri Sep 28 16:48:00 PDT 2001,3.58,290.00
JSPN2,JUNIPER SPRINGS,Fri Sep 28 16:52:00 PDT 2001,3.58,340.00
RBTN2,RED BUTTE,Fri Sep 28 16:45:00 PDT 2001,4.92,300.00
SPGN2,SPRING GULCH,Fri Sep 28 16:42:00 PDT 2001,3.13,180.00
TEXN2,TEXAS SPRINGS,Fri Sep 28 16:33:00 PDT 2001,4.02,300.00
AGFO3,AGNESS,Fri Sep 28 16:46:00 PDT 2001,2.68,320.00
BKFO3,BALD KNOB LOOKOUT,Fri Sep 28 16:47:00 PDT 2001,0.89,300.00
BAFO3,BALD MTN,Fri Sep 28 16:37:00 PDT 2001,4.47,290.00
OKFO3,BLACK ROCK,Fri Sep 28 16:01:00 PDT 2001,1.79,220.00
BYFO3,BLUE CANYON,Fri Sep 28 16:36:00 PDT 2001,2.24,30.00
BRUO3,BRUSH CREEK (EUGENE,Fri Sep 28 16:40:00 PDT 2001,1.34,350.00
CAFO3,CABIN LAKE,Fri Sep 28 16:50:00 PDT 2001,1.79,280.00
PTFO3,COFFEE POT FLAT,Fri Sep 28 16:37:00 PDT 2001,1.34,130.00
EMFO3,EMIGRANT,Fri Sep 28 16:39:00 PDT 2001,4.02,270.00
FEFO3,FIELDS,Fri Sep 28 16:36:00 PDT 2001,1.79,310.00
FKFO3,FORT ROCK,Fri Sep 28 16:37:00 PDT 2001,1.79,320.00
FLFO3,FOSTER FLAT,Fri Sep 28 16:46:00 PDT 2001,2.24,340.00
GDFO3,GRANDAD,Fri Sep 28 16:50:00 PDT 2001,0.89,270.00
TR327,HART PORTABLE,Fri Sep 28 16:41:00 PDT 2001,2.68,270.00
HBFO3,HAWLEY BUTTE,Fri Sep 28 16:39:00 PDT 2001,0.00,330.00
LOFO3,HIGH POINT,Fri Sep 28 16:38:00 PDT 2001,0.00,170.00
HSFO3,HORSE CREEK,Fri Sep 28 16:39:00 PDT 2001,1.34,300.00
TR356,MIKEY,Fri Sep 28 16:35:00 PDT 2001,2.68,290.00
TR328,MINAM LODGE-PORTABL,Fri Sep 28 16:36:00 PDT 2001,0.89,310.00
OOFO3,MOON HILL,Fri Sep 28 16:46:00 PDT 2001,1.34,300.00
MGFO3,MORGAN MOUNTAIN,Fri Sep 28 16:55:00 PDT 2001,2.68,100.00
MSFO3,MOUNT STELLA,Fri Sep 28 16:51:00 PDT 2001,0.00,140.00
YNFO3,MT. YONCALLA,Fri Sep 28 16:37:00 PDT 2001,0.45,350.00
NPFO3,NORTH POLE RIDGE,Fri Sep 28 16:38:00 PDT 2001,2.68,250.00
OMFO3,ONION MOUNTAIN LOOK,Fri Sep 28 16:49:00 PDT 2001,1.34,350.00
OWFO3,OWYHEE RIDGE,Fri Sep 28 16:39:00 PDT 2001,4.02,280.00
ARFO3,PARKER MOUNTAIN,Fri Sep 28 16:47:00 PDT 2001,2.24,270.00
PAFO3,PATJENS,Fri Sep 28 16:50:00 PDT 2001,2.24,350.00
PEFO3,PEBBLE,Fri Sep 28 16:38:00 PDT 2001,2.68,250.00
PWFO3,POWERS R.S.,Fri Sep 28 16:47:00 PDT 2001,2.68,290.00
QPFO3,QUAIL PRAIRIE LOOKO,Fri Sep 28 16:48:00 PDT 2001,0.00,270.00
RTFO3,RED BUTTE,Fri Sep 28 16:33:00 PDT 2001,4.47,300.00
RLFO3,RIDDLE MTN.,Fri Sep 28 16:57:00 PDT 2001,1.79,270.00
RCRO3,ROCK CREEK,Fri Sep 28 16:44:00 PDT 2001,2.68,310.00
RNFO3,ROUND MOUNTAIN,Fri Sep 28 16:32:00 PDT 2001,3.13,310.00
BDFO3,RYE MOUNTAIN,Fri Sep 28 16:38:00 PDT 2001,0.00,230.00
SLTO3,SALT CREEK-PRINVILL,Fri Sep 28 16:44:00 PDT 2001,2.24,280.00
SVFO3,SILVER BUTTE,Fri Sep 28 16:40:00 PDT 2001,0.89,70.00
SGFO3,SUGARLOAF,Fri Sep 28 16:34:00 PDT 2001,0.00,250.00
TOFO3,TOKETEE,Fri Sep 28 16:32:00 PDT 2001,0.45,310.00
TCFO3,TROUT CREEK,Fri Sep 28 16:39:00 PDT 2001,0.89,270.00
VCFO3,VILLAGE CREEK,Fri Sep 28 16:38:00 PDT 2001,0.00,220.00
WTFO3,WAGONTIRE,Fri Sep 28 16:47:00 PDT 2001,4.92,300.00
WKFO3,WILKINSON RIDGE,Fri Sep 28 16:39:00 PDT 2001,0.89,230.00
YEFO3,YELLOWSTONE MTN.,Fri Sep 28 16:38:00 PDT 2001,2.24,200.00
F1602,CAMP CROOK,Fri Sep 28 16:55:00 PDT 2001,7.15,140.00
F1603,CUSTER,Fri Sep 28 16:42:00 PDT 2001,2.68,140.00
F1605,NEMO,Fri Sep 28 16:49:00 PDT 2001,4.47,160.00
F1607,RED CANYON,Fri Sep 28 16:50:00 PDT 2001,5.36,170.00
F1608,BIG SOUTH,Fri Sep 28 16:52:00 PDT 2001,0.89,40.00
F1613,BELCONES,Fri Sep 28 16:49:00 PDT 2001,1.34,120.00
F1619,SOUTHERN ROUGH - FT,Fri Sep 28 16:43:00 PDT 2001,2.24,90.00
TR249,BEAVER DAM,Fri Sep 28 16:52:00 PDT 2001,2.24,190.00
BSTU1,BRIMSTONE RESERVOIR,Fri Sep 28 16:34:00 PDT 2001,8.05,220.00
BCRU1,BRYSON CANYON,Fri Sep 28 16:42:00 PDT 2001,5.36,160.00
JSPU1,JENSEN SPRING,Fri Sep 28 16:50:00 PDT 2001,5.81,190.00
KPRU1,KINGS POINT,Fri Sep 28 16:38:00 PDT 2001,1.79,340.00
LPRU1,LAVA POINT RAWS,Fri Sep 28 16:54:00 PDT 2001,2.24,240.00
MCKU1,MCCOOK RIDGE,Fri Sep 28 16:38:00 PDT 2001,3.13,210.00
NLPU1,NORTH LONG POINT,Fri Sep 28 16:39:00 PDT 2001,3.13,190.00
RVZU1,RAY'S VALLEY,Fri Sep 28 16:38:00 PDT 2001,2.24,340.00
TFRU1,TELEGRAPH FLAT,Fri Sep 28 16:35:00 PDT 2001,3.13,130.00
UPRU1,UPPER P.R. CANYON,Fri Sep 28 16:39:00 PDT 2001,6.71,200.00
USWU1,UPPER SAND WASH,Fri Sep 28 16:39:00 PDT 2001,4.02,190.00
WNTU1,WINTER RIDGE,Fri Sep 28 16:40:00 PDT 2001,4.02,230.00
SFLU1,YAMPA PLATEAU,Fri Sep 28 16:40:00 PDT 2001,2.24,260.00
ADFW1,ALDER RIDGE,Fri Sep 28 16:01:00 PDT 2001,2.68,50.00
BMFW1,BROWN MTN. ORCHARD,Fri Sep 28 16:55:00 PDT 2001,0.89,190.00
CMFW1,CAMP 4,Fri Sep 28 16:57:00 PDT 2001,0.89,140.00
CEFW1,CEDAR FLATS,Fri Sep 28 16:38:00 PDT 2001,0.00,240.00
DMFW1,DEER MOUNTAIN,Fri Sep 28 16:59:00 PDT 2001,1.79,190.00
DOUW1,DOUGLAS,Fri Sep 28 16:41:00 PDT 2001,4.02,150.00
DIFW1,DOUGLAS INGRAM RIDG,Fri Sep 28 16:57:00 PDT 2001,1.34,90.00
MIDW1,ESCURE,Fri Sep 28 16:37:00 PDT 2001,4.02,220.00
FIFW1,FINNEY CREEK,Fri Sep 28 16:43:00 PDT 2001,0.00,210.00
TLFW1,FIRE TRNG. ACADEMY,Fri Sep 28 16:49:00 PDT 2001,0.45,170.00
FBFW1,FIRST BUTTE,Fri Sep 28 16:57:00 PDT 2001,1.79,200.00
GHFW1,GOLD HILL,Fri Sep 28 16:48:00 PDT 2001,0.00,210.00
GMFW1,GOLD MOUNTAIN,Fri Sep 28 16:46:00 PDT 2001,1.34,210.00
HGFW1,HAGER CREEK,Fri Sep 28 16:37:00 PDT 2001,0.45,30.00
SKKW1,JOHNSON RIDGE,Fri Sep 28 16:49:00 PDT 2001,0.00,140.00
JUFW1,JUNIPER DUNES,Fri Sep 28 16:41:00 PDT 2001,3.58,190.00
KCFW1,KIDNEY CREEK,Fri Sep 28 16:49:00 PDT 2001,0.00,70.00
KMFW1,KRAMER,Fri Sep 28 16:46:00 PDT 2001,4.02,190.00
LCFW1,LANE CREEK,Fri Sep 28 16:54:00 PDT 2001,0.89,130.00
LEFW1,LEECHER,Fri Sep 28 16:54:00 PDT 2001,3.58,170.00
LSFW1,LESTER,Fri Sep 28 16:49:00 PDT 2001,1.34,20.00
LLFW1,LOST LAKE,Fri Sep 28 16:57:00 PDT 2001,0.45,250.00
TR374,MILL CREEK _ FTS,Fri Sep 28 16:36:00 PDT 2001,2.24,220.00
NCSW1,NCSB,Fri Sep 28 16:57:00 PDT 2001,3.58,160.00
NEFW1,NESPELEM,Fri Sep 28 16:46:00 PDT 2001,2.24,210.00
OCFW1,ORR CREEK,Fri Sep 28 16:58:00 PDT 2001,3.58,60.00
OMFW1,OWL MOUNTAIN,Fri Sep 28 16:58:00 PDT 2001,1.79,180.00
PMFW1,PAL MOORE ORCHARD,Fri Sep 28 16:55:00 PDT 2001,1.79,240.00
PEOW1,PEONY,Fri Sep 28 16:46:00 PDT 2001,3.13,30.00
TCFW1,TACOMA CREEK,Fri Sep 28 16:56:00 PDT 2001,1.34,120.00
TMP90,TEEPEE SEED ORCHARD,Fri Sep 28 16:37:00 PDT 2001,2.24,150.00
TRFW1,TROUT CREEK,Fri Sep 28 16:40:00 PDT 2001,2.24,250.00
WPFW1,WASHINGTON PASS,Fri Sep 28 16:57:00 PDT 2001,3.58,350.00
ANDW4,ANDERSON RIDGE,Fri Sep 28 16:45:00 PDT 2001,7.60,220.00
BRLW4,BEAR LODGE,Fri Sep 28 16:50:00 PDT 2001,4.02,160.00
TR370,BOYD RIDGE - FTS,Fri Sep 28 16:55:00 PDT 2001,4.92,160.00
BUJW4,BURGESS,Fri Sep 28 16:49:00 PDT 2001,0.00,210.00
ERAW4,BURRO HILL,Fri Sep 28 16:40:00 PDT 2001,4.47,240.00
CAMW4,CAMP CREEK,Fri Sep 28 16:44:00 PDT 2001,1.34,180.00
CMRW4,CASPER MOUNTAIN,Fri Sep 28 16:42:00 PDT 2001,2.68,280.00
COWW4,COW CREEK,Fri Sep 28 16:43:00 PDT 2001,4.02,230.00
CDAW4,CRANDALL,Fri Sep 28 16:57:00 PDT 2001,4.47,290.00
DODW4,DODGE CREEK,Fri Sep 28 16:45:00 PDT 2001,4.47,110.00
EGLW4,EAGLE,Fri Sep 28 16:56:00 PDT 2001,4.02,300.00
ECEW4,ECHETA,Fri Sep 28 16:42:00 PDT 2001,6.26,210.00
ELKW4,ELKHORN,Fri Sep 28 16:57:00 PDT 2001,4.47,230.00
ESTW4,ESTERBROOK,Fri Sep 28 16:51:00 PDT 2001,2.68,160.00
RSNW4,FALES ROCK,Fri Sep 28 16:45:00 PDT 2001,5.36,250.00
GCRW4,GRASS CREEK DIVIDE,Fri Sep 28 16:42:00 PDT 2001,2.24,220.00
HAFW4,HALF MOON,Fri Sep 28 16:39:00 PDT 2001,2.24,230.00
HOBW4,HOBACK,Fri Sep 28 16:40:00 PDT 2001,3.58,260.00
HHRW4,HYATT HIGH,Fri Sep 28 16:43:00 PDT 2001,3.58,200.00
TR371,LEIGH CREEK - FTS,Fri Sep 28 16:55:00 PDT 2001,5.81,190.00
MCRW4,MILL CREEK,Fri Sep 28 16:49:00 PDT 2001,8.05,190.00
MUDW4,MUDDY CREEK,Fri Sep 28 16:42:00 PDT 2001,4.92,210.00
PCRW4,POKER CREEK,Fri Sep 28 16:43:00 PDT 2001,4.47,250.00
RASW4,RASPBERRY,Fri Sep 28 16:40:00 PDT 2001,4.92,250.00
RHKW4,ROCHELLE HILLS,Fri Sep 28 16:51:00 PDT 2001,5.81,250.00
SAWW4,SAWMILL PARK,Fri Sep 28 16:51:00 PDT 2001,1.79,250.00
SPKW4,SCHOOL HOUSE,Fri Sep 28 16:49:00 PDT 2001,8.94,250.00
SHFW4,SHF2 - PORTABLE - F,Fri Sep 28 16:45:00 PDT 2001,3.58,160.00
BPYW4,SNIDER BASIN,Fri Sep 28 16:40:00 PDT 2001,5.36,250.00
SNOW4,SNOW SPRINGS CREEK,Fri Sep 28 16:44:00 PDT 2001,7.60,210.00
SPLW4,SPLIT ROCK CREEK,Fri Sep 28 16:43:00 PDT 2001,4.47,260.00
F1271,BIG LAKE,Fri Sep 28 16:17:00 PDT 2001,0.45,20.00
F1277,CHATANIKA,Fri Sep 28 16:25:00 PDT 2001,2.68,350.00
F1284,FAIRBANKS,Fri Sep 28 16:29:00 PDT 2001,0.89,140.00
F1298,HOMER,Fri Sep 28 16:13:00 PDT 2001,1.34,140.00
F1300,HOONAH,Fri Sep 28 16:24:00 PDT 2001,2.24,240.00
F1303,JUNEAU RD,Fri Sep 28 16:16:00 PDT 2001,6.26,110.00
F1305,KAKE,Fri Sep 28 16:22:00 PDT 2001,2.68,160.00
F1665,MILE POST 1243,Fri Sep 28 16:12:00 PDT 2001,0.89,90.00
F1323,NENANA,Fri Sep 28 16:18:00 PDT 2001,1.34,100.00
F1325,NINILCHIK,Fri Sep 28 16:15:00 PDT 2001,2.24,40.00
F1334,RABBIT CREEK,Fri Sep 28 16:27:00 PDT 2001,0.45,40.00
F1348,STONEY RIVER,Fri Sep 28 16:29:00 PDT 2001,1.79,40.00
F1350,T LAKE,Fri Sep 28 16:28:00 PDT 2001,0.89,280.00
F1351,TELIDA,Fri Sep 28 16:30:00 PDT 2001,1.34,20.00
F1356,WONDER LAKE,Fri Sep 28 16:22:00 PDT 2001,4.47,340.00
QPAA3,PAYSON,Fri Sep 28 16:15:00 PDT 2001,4.92,150.00
AMOC1,AMMO DUMP,Fri Sep 28 16:22:00 PDT 2001,4.92,200.00
BQNC1,BANNER QUEEN,Fri Sep 28 16:07:00 PDT 2001,4.02,310.00
TMPB2,FISH SLOUGH,Fri Sep 28 16:21:00 PDT 2001,0.89,200.00
HTRC1,HUNTER MOUNTAIN,Fri Sep 28 16:31:00 PDT 2001,3.58,170.00
TR173,OAK KNOLL - PORTABL,Fri Sep 28 16:21:00 PDT 2001,0.89,200.00
PIEC1,PIERCE,Fri Sep 28 16:07:00 PDT 2001,2.24,190.00
TR179,QUINCY PORTABLE,Fri Sep 28 16:26:00 PDT 2001,1.34,200.00
TR189,SCOTT RVR - PORTABL,Fri Sep 28 16:20:00 PDT 2001,0.89,110.00
TLGC1,TALEGA,Fri Sep 28 16:23:00 PDT 2001,1.79,180.00
F1470,TENRAW,Fri Sep 28 16:15:00 PDT 2001,1.79,80.00
BVRN7,BLACK LEAD MTN,Fri Sep 28 16:17:00 PDT 2001,2.68,280.00
TMPE8,CANYON CREEK,Fri Sep 28 16:30:00 PDT 2001,7.15,240.00
LUFI1,LUCKY PEAK,Fri Sep 28 16:31:00 PDT 2001,4.92,310.00
F1519,OKISSA,Fri Sep 28 16:06:00 PDT 2001,3.13,10.00
BRTM8,BRITTON SPRINGS,Fri Sep 28 16:14:00 PDT 2001,4.92,170.00
FBLM8,FORT BELKNAP,Fri Sep 28 16:26:00 PDT 2001,7.60,310.00
POPM8,POPLAR,Fri Sep 28 16:27:00 PDT 2001,4.02,50.00
TR291,SPOTTED BEAR,Fri Sep 28 16:18:00 PDT 2001,3.58,40.00
TNDM8,TENDERFOOT,Fri Sep 28 16:19:00 PDT 2001,1.79,350.00
F1562,GUION FARM,Fri Sep 28 16:03:00 PDT 2001,1.34,30.00
F1564,ROCKINGHAM,Fri Sep 28 16:04:00 PDT 2001,1.34,90.00
F1707,WAKETEST,Fri Sep 28 16:09:00 PDT 2001,3.58,10.00
LVPN5,PECOS,Fri Sep 28 16:21:00 PDT 2001,1.79,130.00
FLSN2,FLAT SPRING,Fri Sep 28 16:03:00 PDT 2001,4.02,280.00
BGFO3,BADGER CREEK,Fri Sep 28 16:05:00 PDT 2001,4.92,100.00
BOFO3,BOULDER CREEK,Fri Sep 28 16:11:00 PDT 2001,1.34,260.00
IRFO3,BRIAR RABBIT,Fri Sep 28 16:06:00 PDT 2001,1.79,160.00
CNFO3,CANNIBAL MOUNTAIN,Fri Sep 28 16:12:00 PDT 2001,1.34,340.00
CEFO3,CASE,Fri Sep 28 16:02:00 PDT 2001,1.79,170.00
CDFO3,CEDAR,Fri Sep 28 16:13:00 PDT 2001,1.34,280.00
CSFO3,COLD SPRINGS,Fri Sep 28 16:03:00 PDT 2001,0.45,310.00
TR043,COVERDALE PORTABLE,Fri Sep 28 16:08:00 PDT 2001,0.00,120.00
RBFO3,DEAD INDIAN,Fri Sep 28 16:13:00 PDT 2001,0.45,360.00
DUNO3,DUNES,Fri Sep 28 16:14:00 PDT 2001,1.34,270.00
GPFO3,GOODWIN PEAK,Fri Sep 28 16:14:00 PDT 2001,0.89,310.00
HYFO3,HAYSTACK,Fri Sep 28 16:07:00 PDT 2001,1.34,60.00
SLFO3,SLIDE MOUNTAIN,Fri Sep 28 16:04:00 PDT 2001,1.79,340.00
SQFO3,SQUAW PEAK,Fri Sep 28 16:14:00 PDT 2001,2.68,20.00
SRFO3,STAR,Fri Sep 28 16:13:00 PDT 2001,1.79,40.00
BBFO3,ZIM,Fri Sep 28 16:03:00 PDT 2001,1.34,290.00
CGFW1,COUGAR MOUNTAIN,Fri Sep 28 16:05:00 PDT 2001,0.45,270.00
HUFW1,HUMPTULLIPS,Fri Sep 28 16:08:00 PDT 2001,1.34,230.00
JEFW1,JEFFERSON CREEK,Fri Sep 28 16:06:00 PDT 2001,0.89,210.00
KTLW1,KETTLE FALLS,Fri Sep 28 16:17:00 PDT 2001,3.13,30.00
MDRW1,MIDNITE MINE,Fri Sep 28 16:23:00 PDT 2001,2.68,200.00
TMP89,SPRING CANYON,Fri Sep 28 16:16:00 PDT 2001,2.68,160.00
